id,word_index,word,start_s,end_s,alignment_valid,alignment_score,review_required,audio_valid,vision_valid
-3g5yACwYnA$_$13,0,They've,1.4424687623977661,1.602468729019165,True,0.9629886150360107,False,True,True
-3g5yACwYnA$_$13,1,been,1.6224687099456787,1.7424687147140503,True,0.9732758402824402,False,True,True
-3g5yACwYnA$_$13,2,able,1.762468695640564,1.9024688005447388,True,0.9984899759292603,False,True,True
-3g5yACwYnA$_$13,3,to,1.9624687433242798,2.0224688053131104,True,0.9028334021568298,False,True,True
-3g5yACwYnA$_$13,4,find,2.1824686527252197,2.3824687004089355,True,0.996408998966217,False,True,True
-3g5yACwYnA$_$13,5,solutions,2.4424686431884766,2.922468662261963,True,0.9654104709625244,False,True,True
-3g5yACwYnA$_$13,6,or,3.0224688053131104,3.0824687480926514,True,0.7542850971221924,False,True,True
-3g5yACwYnA$_$13,7,at,3.162468671798706,3.24246883392334,True,0.6403614282608032,False,True,True
-3g5yACwYnA$_$13,8,least,3.2624688148498535,3.402468681335449,True,0.039139632135629654,True,True,True
-3g5yACwYnA$_$13,9,bring,3.4624688625335693,3.722468852996826,True,0.7497115135192871,False,True,True
-3g5yACwYnA$_$13,10,some,3.802468776702881,3.9624688625335693,True,0.9796680212020874,False,True,True
-3g5yACwYnA$_$13,11,answers,4.062468528747559,4.342468738555908,True,0.552609920501709,False,True,True
-3g5yACwYnA$_$13,12,to,4.3824687004089355,4.422468662261963,True,0.9911597371101379,False,True,True
-3g5yACwYnA$_$13,13,the,4.46246862411499,4.562468528747559,True,0.8677226305007935,False,True,True
-3g5yACwYnA$_$13,14,table,4.602468967437744,4.862468719482422,True,0.9896449446678162,False,True,True
-3g5yACwYnA$_$3,0,We're,0.602468729019165,0.9424687623977661,True,0.8285160064697266,False,True,True
-3g5yACwYnA$_$3,1,a,1.2424687147140503,1.262468695640564,True,0.9755879640579224,False,True,True
-3g5yACwYnA$_$3,2,huge,1.3624687194824219,1.6624687910079956,True,0.9990144968032837,False,True,True
-3g5yACwYnA$_$3,3,user,2.6424686908721924,2.902468681335449,True,0.9388320446014404,False,True,True
-3g5yACwYnA$_$3,4,of,2.9624688625335693,3.0024688243865967,True,0.09756404906511307,True,True,True
-3g5yACwYnA$_$3,5,adhesives,3.102468729019165,3.5224688053131104,True,0.39129212498664856,False,True,True
-3g5yACwYnA$_$3,6,for,4.2024688720703125,4.3824687004089355,True,0.9987280964851379,False,True,True
-3g5yACwYnA$_$3,7,our,4.5824689865112305,4.662468910217285,True,0.9851948022842407,False,True,True
-3g5yACwYnA$_$3,8,operation,4.74246883392334,5.182468891143799,True,0.9963722229003906,False,True,True
-3g5yACwYnA$_$3,9,called,5.6424689292907715,5.8224687576293945,True,0.7672535181045532,False,True,True
-3g5yACwYnA$_$3,10,flocking,5.862468719482422,6.2624688148498535,True,0.9534448981285095,False,True,True
-3g5yACwYnA$_$3,11,and,6.602468967437744,6.722468852996826,True,0.9916242361068726,False,True,True
-3g5yACwYnA$_$3,12,we,7.022468566894531,7.0824689865112305,True,0.9994889497756958,False,True,True
-3g5yACwYnA$_$3,13,don't,7.1424689292907715,7.2624688148498535,True,0.9600431323051453,False,True,True
-3g5yACwYnA$_$3,14,have,7.282468795776367,7.362468719482422,True,0.9487626552581787,False,True,True
-3g5yACwYnA$_$3,15,the,7.402468681335449,7.46246862411499,True,0.9408945441246033,False,True,True
-3g5yACwYnA$_$3,16,technical,7.522468566894531,7.8824687004089355,True,0.9882878065109253,False,True,True
-3g5yACwYnA$_$3,17,inside,8.382469177246094,8.662468910217285,True,0.9466736912727356,False,True,True
-3g5yACwYnA$_$3,18,compounding,9.40246868133545,9.982468605041504,True,0.9869480133056641,False,True,True
-3g5yACwYnA$_$3,19,or,10.202468872070312,10.262468338012695,True,0.9859593510627747,False,True,True
-3g5yACwYnA$_$3,20,the,10.342469215393066,10.40246868133545,True,0.9924432635307312,False,True,True
-3g5yACwYnA$_$3,21,technical,10.462469100952148,10.782468795776367,True,0.9517594575881958,False,True,True
-3g5yACwYnA$_$3,22,expertise,10.842469215393066,11.282468795776367,True,0.6525865197181702,False,True,True
-3g5yACwYnA$_$3,23,to,11.322468757629395,11.362468719482422,True,0.9958497881889343,False,True,True
-3g5yACwYnA$_$3,24,do,11.422469139099121,11.482468605041504,True,0.9945245385169983,False,True,True
-3g5yACwYnA$_$3,25,these,11.562468528747559,11.702468872070312,True,0.9015681147575378,False,True,True
-3g5yACwYnA$_$3,26,types,11.762468338012695,11.942468643188477,True,0.9900500178337097,False,True,True
-3g5yACwYnA$_$3,27,of,12.002469062805176,12.042469024658203,True,0.9332647919654846,False,True,True
-3g5yACwYnA$_$3,28,things,12.102468490600586,12.942468643188477,True,0.9985406994819641,False,True,True
-3g5yACwYnA$_$2,0,Key,1.8624687194824219,1.9824687242507935,True,0.6464316248893738,False,True,True
-3g5yACwYnA$_$2,1,Polymer,3.0224688053131104,3.362468719482422,True,0.044688038527965546,True,True,True
-3g5yACwYnA$_$2,2,brings,3.402468681335449,3.602468729019165,True,0.965452253818512,False,True,True
-3g5yACwYnA$_$2,3,a,3.6824686527252197,3.7024686336517334,True,0.6518343687057495,False,True,True
-3g5yACwYnA$_$2,4,technical,3.7624688148498535,4.1424689292907715,True,0.9954672455787659,False,True,True
-3g5yACwYnA$_$2,5,aspect,4.3824687004089355,4.682468891143799,True,0.9943445324897766,False,True,True
-3g5yACwYnA$_$2,6,to,4.722468852996826,4.862468719482422,True,0.9950464367866516,False,True,True
-3g5yACwYnA$_$2,7,our,5.862468719482422,5.942468643188477,True,0.9938663840293884,False,True,True
-3g5yACwYnA$_$2,8,operation,6.002468585968018,6.422468662261963,True,0.9302939772605896,False,True,True
-3g5yACwYnA$_$2,9,that,6.502468585968018,6.622468948364258,True,0.9853284358978271,False,True,True
-3g5yACwYnA$_$2,10,we,6.682468891143799,6.74246883392334,True,0.9996440410614014,False,True,True
-3g5yACwYnA$_$2,11,don't,6.8224687576293945,7.002468585968018,True,0.9320131540298462,False,True,True
-3g5yACwYnA$_$2,12,have,7.042468547821045,7.2024688720703125,True,0.9277991652488708,False,True,True
-3g5yACwYnA$_$2,13,internally,7.282468795776367,7.682468891143799,True,0.9682208299636841,False,True,True
-3g5yACwYnA$_$9,0,We,0.8024687767028809,0.8824687600135803,True,0.9986305236816406,False,True,True
-3g5yACwYnA$_$9,1,have,0.9424687623977661,1.0624687671661377,True,0.9912964701652527,False,True,True
-3g5yACwYnA$_$9,2,many,1.1224687099456787,1.3224687576293945,True,0.9996637105941772,False,True,True
-3g5yACwYnA$_$9,3,new,1.702468752861023,1.8224687576293945,True,0.9920272827148438,False,True,True
-3g5yACwYnA$_$9,4,opportunities,1.9224687814712524,2.4624688625335693,True,0.8321139216423035,False,True,True
-3g5yACwYnA$_$9,5,through,2.482468843460083,2.722468852996826,True,0.951261043548584,False,True,True
-3g5yACwYnA$_$9,6,the,3.362468719482422,3.4424686431884766,True,0.9990266561508179,False,True,True
-3g5yACwYnA$_$9,7,way,3.482468843460083,3.602468729019165,True,0.980572521686554,False,True,True
-3g5yACwYnA$_$9,8,things,3.6824686527252197,3.862468719482422,True,0.9865226149559021,False,True,True
-3g5yACwYnA$_$9,9,have,3.902468681335449,4.002468585968018,True,0.8679182529449463,False,True,True
-3g5yACwYnA$_$9,10,changed,4.022468566894531,4.282468795776367,True,0.8468818068504333,False,True,True
-3g5yACwYnA$_$9,11,through,4.302468776702881,4.46246862411499,True,0.354727178812027,False,True,True
-3g5yACwYnA$_$9,12,the,4.482468605041504,4.542468547821045,True,0.9879895448684692,False,True,True
-3g5yACwYnA$_$9,13,years,4.5824689865112305,4.862468719482422,True,0.9719616174697876,False,True,True
-3g5yACwYnA$_$9,14,looking,5.6424689292907715,5.862468719482422,True,0.9663764834403992,False,True,True
-3g5yACwYnA$_$9,15,for,5.922468662261963,6.002468585968018,True,0.9983206987380981,False,True,True
-3g5yACwYnA$_$9,16,new,6.0824689865112305,6.182468891143799,True,0.9971847534179688,False,True,True
-3g5yACwYnA$_$9,17,niche,6.2624688148498535,6.542468547821045,True,0.7313653826713562,False,True,True
-3g5yACwYnA$_$9,18,high,6.6424689292907715,6.842468738555908,True,0.9524163007736206,False,True,True
-3g5yACwYnA$_$9,19,end,6.922468662261963,7.022468566894531,True,0.22867150604724884,False,True,True
-3g5yACwYnA$_$9,20,value,7.0824689865112305,7.362468719482422,True,0.9970711469650269,False,True,True
-3g5yACwYnA$_$9,21,added,7.442468643188477,7.622468948364258,True,0.009494686499238014,True,True,True
-3g5yACwYnA$_$9,22,products,7.6424689292907715,8.482468605041504,True,0.08761776238679886,True,True,True
-3nNcZdcdvU$_$5,0,Noncompliance,0.5624687671661377,1.542468786239624,True,0.9923327565193176,False,True,True
-3nNcZdcdvU$_$5,1,can,1.6824687719345093,1.8624687194824219,True,0.9993025064468384,False,True,True
-3nNcZdcdvU$_$5,2,result,1.9824687242507935,2.4624688625335693,True,0.06532981246709824,True,True,True
-3nNcZdcdvU$_$5,3,in,2.6824686527252197,2.722468852996826,True,0.9967862367630005,False,True,True
-3nNcZdcdvU$_$5,4,legal,2.842468738555908,3.0824687480926514,True,0.9992648363113403,False,True,True
-3nNcZdcdvU$_$5,5,liability,3.1424686908721924,3.802468776702881,True,0.9928117394447327,False,True,True
-3nNcZdcdvU$_$5,6,to,3.982468843460083,4.1424689292907715,True,0.9983189702033997,False,True,True
-3nNcZdcdvU$_$5,7,you,4.2624688148498535,4.46246862411499,True,0.942543625831604,False,True,True
-3nNcZdcdvU$_$5,8,and,5.042468547821045,5.1424689292907715,True,0.999390184879303,False,True,True
-3nNcZdcdvU$_$5,9,to,5.222468852996826,5.3224687576293945,True,0.8693364262580872,False,True,True
-3nNcZdcdvU$_$5,10,the,5.402468681335449,5.482468605041504,True,0.9983210563659668,False,True,True
-3nNcZdcdvU$_$5,11,school,5.542468547821045,5.7624688148498535,True,0.9994072318077087,False,True,True
-3nNcZdcdvU$_$5,12,district,5.8224687576293945,6.1424689292907715,True,0.9807915091514587,False,True,True
-3nNcZdcdvU$_$5,13,in,6.182468891143799,6.222468852996826,True,0.9947853684425354,False,True,True
-3nNcZdcdvU$_$5,14,which,6.282468795776367,6.422468662261963,True,0.9999051094055176,False,True,True
-3nNcZdcdvU$_$5,15,you,6.482468605041504,6.5824689865112305,True,0.9968665838241577,False,True,True
-3nNcZdcdvU$_$5,16,are,6.6424689292907715,6.74246883392334,True,0.9973533153533936,False,True,True
-3nNcZdcdvU$_$5,17,employed,6.8224687576293945,7.24246883392334,True,0.9619683027267456,False,True,True
-HwX2H8Z4hY$_$2,0,President,0.002468750113621354,0.3424687385559082,True,0.00023152848007157445,True,True,False
-HwX2H8Z4hY$_$2,1,Ronald,0.36246874928474426,0.6624687314033508,True,0.00011956805974477902,True,True,False
-HwX2H8Z4hY$_$2,2,Reagan,0.7224687337875366,0.8424687385559082,True,3.72699651052244e-05,True,True,False
-HwX2H8Z4hY$_$2,3,Look,2.7024686336517334,2.8224687576293945,True,0.9999049305915833,False,True,False
-HwX2H8Z4hY$_$2,4,at,2.8824687004089355,2.922468662261963,True,0.9969260096549988,False,True,False
-HwX2H8Z4hY$_$2,5,the,2.9624688625335693,3.0224688053131104,True,0.9961856007575989,False,True,False
-HwX2H8Z4hY$_$2,6,record,3.0824687480926514,3.342468738555908,True,0.9651619791984558,False,True,True
-HwX2H8Z4hY$_$5,0,President,0.8024687767028809,1.202468752861023,True,0.9971044063568115,False,True,True
-HwX2H8Z4hY$_$5,1,Ronald,1.3224687576293945,1.602468729019165,True,0.9869999885559082,False,True,True
-HwX2H8Z4hY$_$5,2,Reagan,1.702468752861023,2.0824687480926514,True,0.14023835957050323,False,True,False
-HwX2H8Z4hY$_$5,3,blamed,2.2024686336517334,2.5224688053131104,True,0.9882503151893616,False,True,False
-HwX2H8Z4hY$_$5,4,the,2.6424686908721924,2.722468852996826,True,0.9991453886032104,False,True,False
-HwX2H8Z4hY$_$5,5,professional,2.782468795776367,3.362468719482422,True,0.9873561859130859,False,True,False
-HwX2H8Z4hY$_$5,6,bureaucracy,3.4624688625335693,4.1424689292907715,True,0.7464615702629089,False,True,False
-HwX2H8Z4hY$_$5,7,of,4.302468776702881,4.342468738555908,True,0.9991877675056458,False,True,False
-HwX2H8Z4hY$_$5,8,education,4.46246862411499,5.0824689865112305,True,0.446582555770874,False,True,False
-HwX2H8Z4hY$_$6,0,And,0.5624687671661377,0.6424687504768372,True,0.9858534336090088,False,True,True
-HwX2H8Z4hY$_$6,1,in,0.6824687719345093,0.7224687337875366,True,0.9986674785614014,False,True,True
-HwX2H8Z4hY$_$6,2,part,0.8424687385559082,1.102468729019165,True,0.9995498657226562,False,True,True
-HwX2H8Z4hY$_$6,3,Al,1.542468786239624,1.6224687099456787,True,0.879170298576355,False,True,True
-HwX2H8Z4hY$_$6,4,Shanker,1.702468752861023,2.102468729019165,True,0.45342370867729187,False,True,True
-HwX2H8Z4hY$_$6,5,did,2.2624688148498535,2.402468681335449,True,0.9985036849975586,False,True,False
-HwX2H8Z4hY$_$6,6,too,2.5224688053131104,2.842468738555908,True,0.12919816374778748,False,True,False
-HwX2H8Z4hY$_$9,0,It,0.5624687671661377,0.602468729019165,True,0.982530951499939,False,True,False
-HwX2H8Z4hY$_$9,1,is,0.6824687719345093,0.7224687337875366,True,0.9828645586967468,False,True,False
-HwX2H8Z4hY$_$9,2,a,0.8424687385559082,0.8624687790870667,True,0.945873498916626,False,True,False
-HwX2H8Z4hY$_$9,3,word,0.9224687218666077,1.1624687910079956,True,0.9969833493232727,False,True,False
-HwX2H8Z4hY$_$9,4,which,1.4424687623977661,1.602468729019165,True,0.9930799603462219,False,True,False
-HwX2H8Z4hY$_$9,5,the,1.6624687910079956,1.7424687147140503,True,0.9391348958015442,False,True,False
-HwX2H8Z4hY$_$9,6,administrator,1.8024687767028809,3.922468662261963,True,0.7702075242996216,False,True,False
-HwX2H8Z4hY$_$9,7,uses,4.002468585968018,4.2624688148498535,True,0.6643429398536682,False,True,False
-HwX2H8Z4hY$_$9,8,when,4.302468776702881,4.402468681335449,True,0.8488088250160217,False,True,False
-HwX2H8Z4hY$_$9,9,he,4.46246862411499,4.502468585968018,True,0.8237026333808899,False,True,False
-HwX2H8Z4hY$_$9,10,turns,4.562468528747559,4.802468776702881,True,0.9893370270729065,False,True,False
-HwX2H8Z4hY$_$9,11,around,4.8824687004089355,5.102468967437744,True,0.7031843066215515,False,True,False
-HwX2H8Z4hY$_$9,12,anything,5.182468891143799,5.482468605041504,True,0.9768155217170715,False,True,False
-HwX2H8Z4hY$_$9,13,which,5.502468585968018,5.6424689292907715,True,0.9250007271766663,False,True,False
-HwX2H8Z4hY$_$9,14,he,5.682468891143799,5.722468852996826,True,0.42353489995002747,False,True,False
-HwX2H8Z4hY$_$9,15,doesn't,5.782468795776367,6.002468585968018,True,0.39579081535339355,False,True,False
-HwX2H8Z4hY$_$9,16,like,6.062468528747559,6.2024688720703125,True,0.9960137605667114,False,True,False
-HwX2H8Z4hY$_$9,17,that,6.282468795776367,6.362468719482422,True,0.027629926800727844,True,True,False
-HwX2H8Z4hY$_$9,18,the,6.3824687004089355,6.442468643188477,True,0.001681316178292036,True,True,False
-HwX2H8Z4hY$_$9,19,teacher,6.46246862411499,6.74246883392334,True,0.6976610422134399,False,True,False
-HwX2H8Z4hY$_$9,20,is,6.802468776702881,6.842468738555908,True,0.6683300137519836,False,True,False
-HwX2H8Z4hY$_$9,21,doing,6.8824687004089355,7.102468967437744,True,0.6372818350791931,False,True,False
-NFrJFQijFE$_$1,0,Structural,0.08246874809265137,0.48246875405311584,True,0.007258712779730558,True,True,False
-NFrJFQijFE$_$1,1,mounts,0.702468752861023,0.9224687218666077,True,0.005075803492218256,True,True,False
-NFrJFQijFE$_$1,2,inside,0.9424687623977661,1.1824687719345093,True,0.0042810761369764805,True,True,False
-NFrJFQijFE$_$1,3,have,1.2824687957763672,1.4624687433242798,True,0.01584375463426113,True,True,False
-NFrJFQijFE$_$1,4,to,1.5024687051773071,1.542468786239624,True,0.0036658989265561104,True,True,False
-NFrJFQijFE$_$1,5,be,1.6824687719345093,1.8024687767028809,True,0.00886500719934702,True,True,False
-NFrJFQijFE$_$1,6,properly,1.8624687194824219,2.0224688053131104,True,0.006812955252826214,True,True,False
-NFrJFQijFE$_$1,7,stress,2.042468786239624,2.5824687480926514,True,0.008300619199872017,True,True,False
-NFrJFQijFE$_$1,8,analyzed,2.722468852996826,2.922468662261963,True,0.0045819832012057304,True,True,False
-NFrJFQijFE$_$1,9,so,2.9424686431884766,3.0024688243865967,True,0.0033478892873972654,True,True,False
-NFrJFQijFE$_$1,10,we,3.0224688053131104,3.0624687671661377,True,0.0055655427277088165,True,True,False
-NFrJFQijFE$_$1,11,make,3.102468729019165,3.1824686527252197,True,0.0035037610214203596,True,True,False
-NFrJFQijFE$_$1,12,sure,3.222468852996826,3.402468681335449,True,0.005609060637652874,True,True,False
-NFrJFQijFE$_$1,13,all,3.4424686431884766,3.5624687671661377,True,0.005028281826525927,True,True,False
-NFrJFQijFE$_$1,14,that,3.6424686908721924,3.722468852996826,True,0.009302167221903801,True,True,False
-NFrJFQijFE$_$1,15,happens,3.802468776702881,3.982468843460083,True,0.006080117542296648,True,True,False
-NFrJFQijFE$_$2,0,So,0.6624687314033508,1.8024687767028809,True,0.00021334447956178337,True,True,False
-NFrJFQijFE$_$2,1,we,1.9424687623977661,1.9824687242507935,True,0.0006246674456633627,True,True,False
-NFrJFQijFE$_$2,2,coordinate,2.1424686908721924,2.402468681335449,True,0.001639489084482193,True,True,False
-NFrJFQijFE$_$2,3,with,2.422468662261963,2.5024688243865967,True,0.00244515179656446,True,True,False
-NFrJFQijFE$_$2,4,all,2.5224688053131104,2.602468729019165,True,0.0011638437863439322,True,True,False
-NFrJFQijFE$_$2,5,the,2.6424686908721924,2.74246883392334,True,0.041034262627363205,True,True,False
-NFrJFQijFE$_$2,6,proper,2.7624688148498535,2.902468681335449,True,0.0008318808977492154,True,True,False
-NFrJFQijFE$_$2,7,technical,3.0224688053131104,3.782468795776367,True,0.0014849432045593858,True,True,False
-NFrJFQijFE$_$2,8,fields,4.102468967437744,4.282468795776367,True,0.00010655871301423758,True,True,False
-NFrJFQijFE$_$2,9,to,4.3224687576293945,4.362468719482422,True,0.026794761419296265,True,True,False
-NFrJFQijFE$_$2,10,get,4.3824687004089355,4.442468643188477,True,0.00011151729995617643,True,True,False
-NFrJFQijFE$_$2,11,ready,4.46246862411499,4.662468910217285,True,0.0009541942272335291,True,True,False
-NFrJFQijFE$_$2,12,for,4.682468891143799,4.74246883392334,True,0.0006775720394216478,True,True,False
-NFrJFQijFE$_$2,13,the,4.782468795776367,4.842468738555908,True,0.0029867126140743494,True,True,False
-NFrJFQijFE$_$2,14,instrument,4.8824687004089355,5.522468566894531,True,0.0038596289232373238,True,True,False
-NFrJFQijFE$_$2,15,to,6.0824689865112305,6.1424689292907715,True,0.0007109841681085527,True,True,False
-NFrJFQijFE$_$2,16,arrive,6.222468852996826,6.502468585968018,True,0.00966570619493723,True,True,False
-NFrJFQijFE$_$2,17,here,6.5824689865112305,6.722468852996826,True,0.011898532509803772,True,True,False
-THoVjtIkeU$_$12,0,What,0.002468750113621354,1.762468695640564,True,0.057909466326236725,True,True,True
-THoVjtIkeU$_$12,1,ever,1.8224687576293945,1.9424687623977661,True,0.9999327063560486,False,True,True
-THoVjtIkeU$_$12,2,we,2.0024688243865967,2.0624687671661377,True,0.9999256730079651,False,True,True
-THoVjtIkeU$_$12,3,turn,2.1424686908721924,2.302468776702881,True,0.9920327663421631,False,True,True
-THoVjtIkeU$_$12,4,our,2.362468719482422,2.4424686431884766,True,0.999817430973053,False,True,True
-THoVjtIkeU$_$12,5,attention,2.482468843460083,2.842468738555908,True,0.9787020683288574,False,True,True
-THoVjtIkeU$_$12,6,to,2.922468662261963,3.0624687671661377,True,0.9970345497131348,False,True,True
-THoVjtIkeU$_$12,7,is,3.2624688148498535,3.302468776702881,True,0.9995436668395996,False,True,True
-THoVjtIkeU$_$12,8,what,3.362468719482422,3.4624688625335693,True,0.9997115135192871,False,True,True
-THoVjtIkeU$_$12,9,grows,3.5224688053131104,3.862468719482422,True,0.978598952293396,False,True,True
-THoVjtIkeU$_$12,10,and,4.362468719482422,4.46246862411499,True,0.8757590651512146,False,True,True
-THoVjtIkeU$_$12,11,so,4.542468547821045,4.6424689292907715,True,0.9999657869338989,False,True,True
-THoVjtIkeU$_$12,12,if,4.74246883392334,4.782468795776367,True,0.9999038577079773,False,True,True
-THoVjtIkeU$_$12,13,we,4.862468719482422,4.96246862411499,True,0.999913215637207,False,True,True
-THoVjtIkeU$_$12,14,believe,5.062468528747559,5.522468566894531,True,0.9625737071037292,False,True,True
-THoVjtIkeU$_$12,15,that,5.6424689292907715,5.7624688148498535,True,0.9911192655563354,False,True,True
-THoVjtIkeU$_$12,16,anything,5.842468738555908,6.122468948364258,True,0.9893078207969666,False,True,True
-THoVjtIkeU$_$12,17,is,6.182468891143799,6.24246883392334,True,0.9781793355941772,False,True,True
-THoVjtIkeU$_$12,18,possible,6.302468776702881,6.7024688720703125,True,0.9980131983757019,False,True,True
-THoVjtIkeU$_$12,19,if,6.7624688148498535,6.802468776702881,True,0.9996596574783325,False,True,True
-THoVjtIkeU$_$12,20,we,6.902468681335449,7.042468547821045,True,0.999964714050293,False,True,True
-THoVjtIkeU$_$12,21,believe,7.562468528747559,8.102468490600586,True,0.9529697299003601,False,True,True
-THoVjtIkeU$_$12,22,that,8.542469024658203,8.802468299865723,True,0.9981999397277832,False,True,True
-THoVjtIkeU$_$12,23,social,9.462469100952148,9.702468872070312,True,0.9965448975563049,False,True,True
-THoVjtIkeU$_$12,24,justice,9.782468795776367,10.122468948364258,True,0.9639561772346497,False,True,True
-THoVjtIkeU$_$12,25,can,10.18246841430664,10.322468757629395,True,0.9457546472549438,False,True,True
-THoVjtIkeU$_$12,26,be,10.422469139099121,10.502469062805176,True,0.912254273891449,False,True,True
-THoVjtIkeU$_$12,27,achieved,10.562468528747559,10.942468643188477,True,0.9703100919723511,False,True,True
-THoVjtIkeU$_$12,28,and,10.982468605041504,11.062468528747559,True,0.9798883199691772,False,True,True
-THoVjtIkeU$_$12,29,if,11.08246898651123,11.122468948364258,True,0.999615490436554,False,True,True
-THoVjtIkeU$_$12,30,we,11.18246841430664,11.24246883392334,True,0.9999552965164185,False,True,True
-THoVjtIkeU$_$12,31,believe,11.322468757629395,11.782468795776367,True,0.9921168684959412,False,True,True
-THoVjtIkeU$_$12,32,in,11.942468643188477,12.002469062805176,True,0.9982436895370483,False,True,True
-THoVjtIkeU$_$12,33,youth,12.102468490600586,12.382469177246094,True,0.9467960596084595,False,True,True
-THoVjtIkeU$_$12,34,they,13.102468490600586,13.202468872070312,True,0.9983384013175964,False,True,True
-THoVjtIkeU$_$12,35,will,13.24246883392334,13.362468719482422,True,0.9551964402198792,False,True,True
-THoVjtIkeU$_$12,36,believe,13.382469177246094,13.562468528747559,True,0.9991740584373474,False,True,True
-THoVjtIkeU$_$12,37,in,13.602468490600586,13.642468452453613,True,0.9944097399711609,False,True,True
-THoVjtIkeU$_$12,38,themselves,13.68246841430664,14.122468948364258,True,0.9823457598686218,False,True,True
-THoVjtIkeU$_$2,0,I,0.04246874898672104,0.0624687485396862,True,0.802103579044342,False,True,True
-THoVjtIkeU$_$2,1,think,0.16246874630451202,0.3824687600135803,True,0.9996175765991211,False,True,True
-THoVjtIkeU$_$2,2,social,1.202468752861023,1.4424687623977661,True,0.9850919842720032,False,True,True
-THoVjtIkeU$_$2,3,justice,1.5024687051773071,1.7824687957763672,True,0.9844581484794617,False,True,True
-THoVjtIkeU$_$2,4,is,1.8624687194824219,1.9024688005447388,True,0.9994524121284485,False,True,True
-THoVjtIkeU$_$2,5,extremely,1.9824687242507935,2.362468719482422,True,0.986912190914154,False,True,True
-THoVjtIkeU$_$2,6,important,2.422468662261963,2.782468795776367,True,0.9999512434005737,False,True,True
-THoVjtIkeU$_$2,7,for,2.862468719482422,2.982468843460083,True,0.9992773532867432,False,True,True
-THoVjtIkeU$_$2,8,young,3.0824687480926514,3.24246883392334,True,0.9998305439949036,False,True,True
-THoVjtIkeU$_$2,9,people,3.3224687576293945,3.7024686336517334,True,0.3422558009624481,False,True,True
-THoVjtIkeU$_$6,0,You,0.48246875405311584,0.5624687671661377,True,0.998659074306488,False,True,True
-THoVjtIkeU$_$6,1,know,0.602468729019165,0.702468752861023,True,0.9995598196983337,False,True,True
-THoVjtIkeU$_$6,2,that,0.7424687743186951,0.8224687576293945,True,3.209530405001715e-05,True,True,True
-THoVjtIkeU$_$6,3,I,0.8624687790870667,0.8824687600135803,True,1.5601792256347835e-05,True,True,True
-THoVjtIkeU$_$6,4,think,0.902468740940094,1.0624687671661377,True,0.9688259959220886,False,True,True
-THoVjtIkeU$_$6,5,listening,1.4824687242507935,1.8824687004089355,True,0.9840263724327087,False,True,True
-THoVjtIkeU$_$6,6,to,1.9424687623977661,2.0024688243865967,True,0.9999544024467468,False,True,True
-THoVjtIkeU$_$6,7,young,2.0624687671661377,2.222468852996826,True,0.999814510345459,False,True,True
-THoVjtIkeU$_$6,8,people,2.302468776702881,2.5624687671661377,True,0.9899796843528748,False,True,True
-THoVjtIkeU$_$6,9,taking,2.7024686336517334,3.0224688053131104,True,0.9923533201217651,False,True,True
-THoVjtIkeU$_$6,10,in,3.0824687480926514,3.1224687099456787,True,0.9990267157554626,False,True,True
-THoVjtIkeU$_$6,11,what,3.222468852996826,3.362468719482422,True,0.9987959861755371,False,True,True
-THoVjtIkeU$_$6,12,they,3.402468681335449,3.5224688053131104,True,0.9422754645347595,False,True,True
-THoVjtIkeU$_$6,13,have,3.602468729019165,3.74246883392334,True,0.9964472055435181,False,True,True
-THoVjtIkeU$_$6,14,to,3.782468795776367,3.862468719482422,True,0.9998971223831177,False,True,True
-THoVjtIkeU$_$6,15,say,3.9424686431884766,4.122468948364258,True,0.9999653100967407,False,True,True
-THoVjtIkeU$_$6,16,because,4.222468852996826,4.442468643188477,True,0.9999827742576599,False,True,True
-THoVjtIkeU$_$6,17,what,4.862468719482422,4.96246862411499,True,0.9999240040779114,False,True,True
-THoVjtIkeU$_$6,18,we,5.002468585968018,5.062468528747559,True,0.9996331930160522,False,True,True
-THoVjtIkeU$_$6,19,have,5.0824689865112305,5.182468891143799,True,0.04466969519853592,True,True,True
-THoVjtIkeU$_$6,20,seen,5.24246883392334,5.422468662261963,True,0.9991894960403442,False,True,True
-THoVjtIkeU$_$6,21,all,5.562468528747559,5.682468891143799,True,0.9996770620346069,False,True,True
-THoVjtIkeU$_$6,22,around,5.74246883392334,5.922468662261963,True,0.9364446401596069,False,True,True
-THoVjtIkeU$_$6,23,the,5.96246862411499,6.042468547821045,True,0.8967894911766052,False,True,True
-THoVjtIkeU$_$6,24,world,6.0824689865112305,6.3224687576293945,True,0.8775266408920288,False,True,True
-THoVjtIkeU$_$6,25,is,6.502468585968018,6.562468528747559,True,0.9544268846511841,False,True,True
-THoVjtIkeU$_$6,26,the,6.602468967437744,6.682468891143799,True,0.9720603227615356,False,True,True
-THoVjtIkeU$_$6,27,power,6.74246883392334,7.042468547821045,True,0.9246925115585327,False,True,True
-THoVjtIkeU$_$6,28,of,7.122468948364258,7.162468910217285,True,0.9996553659439087,False,True,True
-THoVjtIkeU$_$6,29,youth,7.24246883392334,7.542468547821045,True,0.5075163245201111,False,True,True
-UuX1xuaiiE$_$1,0,And,0.48246875405311584,0.5624687671661377,True,0.9972207546234131,False,True,False
-UuX1xuaiiE$_$1,1,all,0.6624687314033508,0.7824687361717224,True,0.948049783706665,False,True,False
-UuX1xuaiiE$_$1,2,of,0.8424687385559082,0.8824687600135803,True,0.9978631734848022,False,True,False
-UuX1xuaiiE$_$1,3,them,0.9424687623977661,1.0624687671661377,True,0.9986425638198853,False,True,False
-UuX1xuaiiE$_$1,4,are,1.202468752861023,1.2824687957763672,True,0.9306382536888123,False,True,False
-UuX1xuaiiE$_$1,5,really,1.3824687004089355,1.6424686908721924,True,0.9301687479019165,False,True,False
-UuX1xuaiiE$_$1,6,being,1.6824687719345093,1.8624687194824219,True,0.9772602319717407,False,True,False
-UuX1xuaiiE$_$1,7,able,2.5624687671661377,2.722468852996826,True,0.9927049279212952,False,True,False
-UuX1xuaiiE$_$1,8,to,2.782468795776367,2.862468719482422,True,0.95534348487854,False,True,False
-UuX1xuaiiE$_$1,9,explore,2.9424686431884766,3.542468786239624,True,0.9860754013061523,False,True,False
-UuX1xuaiiE$_$1,10,these,4.062468528747559,4.2024688720703125,True,0.9889281392097473,False,True,False
-UuX1xuaiiE$_$1,11,different,4.522468566894531,4.802468776702881,True,0.9937952756881714,False,True,False
-UuX1xuaiiE$_$1,12,areas,4.902468681335449,5.182468891143799,True,0.9712281227111816,False,True,False
-UuX1xuaiiE$_$1,13,in,5.842468738555908,5.8824687004089355,True,0.9949754476547241,False,True,False
-UuX1xuaiiE$_$1,14,depth,6.042468547821045,6.342468738555908,True,0.9657531976699829,False,True,False
-UuX1xuaiiE$_$1,15,in,6.562468528747559,6.602468967437744,True,0.999433696269989,False,True,False
-UuX1xuaiiE$_$1,16,a,6.682468891143799,6.7024688720703125,True,0.9931845664978027,False,True,False
-UuX1xuaiiE$_$1,17,way,6.7624688148498535,6.902468681335449,True,0.9997510313987732,False,True,False
-UuX1xuaiiE$_$1,18,that,7.022468566894531,7.162468910217285,True,0.986141562461853,False,True,False
-UuX1xuaiiE$_$1,19,really,7.3224687576293945,7.522468566894531,True,0.9624750018119812,False,True,False
-UuX1xuaiiE$_$1,20,wasn't,7.562468528747559,7.802468776702881,True,0.9864614009857178,False,True,False
-UuX1xuaiiE$_$1,21,available,7.842468738555908,8.282468795776367,True,0.9498118162155151,False,True,False
-UuX1xuaiiE$_$1,22,before,8.362468719482422,8.662468910217285,True,0.9994261264801025,False,True,False
-UuX1xuaiiE$_$1,23,the,8.74246883392334,8.802468299865723,True,0.9936721920967102,False,True,False
-UuX1xuaiiE$_$1,24,center,8.862468719482422,9.142468452453613,True,0.7613837122917175,False,True,False
-UuX1xuaiiE$_$1,25,was,9.24246883392334,9.342469215393066,True,0.9143896102905273,False,True,False
-UuX1xuaiiE$_$1,26,here,9.922469139099121,10.142468452453613,True,0.1697898805141449,False,True,True
-UuX1xuaiiE$_$0,0,it's,0.04246874898672104,0.18246875703334808,True,1.4699529856443405e-05,True,True,True
-UuX1xuaiiE$_$0,1,amazing,0.30246874690055847,0.7224687337875366,True,0.9869748950004578,False,True,True
-UuX1xuaiiE$_$0,2,to,0.8824687600135803,0.9624687433242798,True,0.9980248212814331,False,True,True
-UuX1xuaiiE$_$0,3,see,1.0624687671661377,1.2424687147140503,True,0.9778640270233154,False,True,True
-UuX1xuaiiE$_$0,4,their,1.3224687576293945,1.4824687242507935,True,0.9987085461616516,False,True,True
-UuX1xuaiiE$_$0,5,enthusiasm,1.542468786239624,2.24246883392334,True,0.9786397814750671,False,True,True
-UuX1xuaiiE$_$0,6,and,2.302468776702881,2.3824687004089355,True,0.4788779318332672,False,True,False
-UuX1xuaiiE$_$0,7,their,2.402468681335449,2.542468786239624,True,0.9803747534751892,False,True,False
-UuX1xuaiiE$_$0,8,passion,2.5824687480926514,3.1224687099456787,True,0.25887852907180786,False,True,False
-UuX1xuaiiE$_$3,0,My,0.5624687671661377,0.6424687504768372,True,0.9942607283592224,False,True,True
-UuX1xuaiiE$_$3,1,goal,0.702468752861023,0.9624687433242798,True,0.991061270236969,False,True,True
-UuX1xuaiiE$_$3,2,is,1.2424687147140503,1.3024687767028809,True,0.9945468902587891,False,True,True
-UuX1xuaiiE$_$3,3,to,1.4624687433242798,1.5024687051773071,True,0.17258301377296448,False,True,True
-UuX1xuaiiE$_$3,4,become,1.7224687337875366,2.042468786239624,True,0.9215019345283508,False,True,True
-UuX1xuaiiE$_$3,5,a,2.6224687099456787,2.6424686908721924,True,0.9696909785270691,False,True,True
-UuX1xuaiiE$_$3,6,human,2.7024686336517334,2.902468681335449,True,0.9935494661331177,False,True,True
-UuX1xuaiiE$_$3,7,rights,2.9424686431884766,3.162468671798706,True,0.9619494676589966,False,True,True
-UuX1xuaiiE$_$3,8,lawyer,3.24246883392334,3.662468671798706,True,0.43521833419799805,False,True,True
-UuX1xuaiiE$_$6,0,I,0.5824687480926514,0.602468729019165,True,0.8567405343055725,False,True,True
-UuX1xuaiiE$_$6,1,ended,0.6624687314033508,0.8024687767028809,True,0.5650377869606018,False,True,True
-UuX1xuaiiE$_$6,2,up,0.8424687385559082,0.8824687600135803,True,0.9076359868049622,False,True,True
-UuX1xuaiiE$_$6,3,going,0.9424687623977661,1.1224687099456787,True,0.972974419593811,False,True,True
-UuX1xuaiiE$_$6,4,to,1.1624687910079956,1.2224687337875366,True,0.9995546936988831,False,True,True
-UuX1xuaiiE$_$6,5,work,1.262468695640564,1.4224687814712524,True,0.9960981607437134,False,True,True
-UuX1xuaiiE$_$6,6,for,1.5624687671661377,1.762468695640564,True,0.9859126806259155,False,True,True
-UuX1xuaiiE$_$6,7,the,1.8424687385559082,1.9224687814712524,True,0.9748523831367493,False,True,True
-UuX1xuaiiE$_$6,8,US,2.0024688243865967,2.1824686527252197,True,0.924715518951416,False,True,True
-UuX1xuaiiE$_$6,9,government,2.2624688148498535,2.6824686527252197,True,0.9821454882621765,False,True,True
-UuX1xuaiiE$_$6,10,as,2.842468738555908,2.902468681335449,True,0.9982698559761047,False,True,True
-UuX1xuaiiE$_$6,11,an,2.982468843460083,3.0224688053131104,True,0.9713354110717773,False,True,True
-UuX1xuaiiE$_$6,12,intelligence,3.0624687671661377,3.482468843460083,True,0.9598546624183655,False,True,True
-UuX1xuaiiE$_$6,13,analyst,3.542468786239624,3.982468843460083,True,0.3536389172077179,False,True,True
-UuX1xuaiiE$_$6,14,specializing,5.022468566894531,5.622468948364258,True,0.9858865141868591,False,True,True
-UuX1xuaiiE$_$6,15,in,5.782468795776367,5.8224687576293945,True,0.9771286845207214,False,True,True
-UuX1xuaiiE$_$6,16,war,5.922468662261963,6.042468547821045,True,0.7893677353858948,False,True,True
-UuX1xuaiiE$_$6,17,crimes,6.122468948364258,6.3824687004089355,True,0.9929873943328857,False,True,True
-UuX1xuaiiE$_$6,18,and,6.422468662261963,6.482468605041504,True,0.013712789863348007,True,True,True
-UuX1xuaiiE$_$6,19,human,6.502468585968018,6.7024688720703125,True,0.9370718002319336,False,True,True
-UuX1xuaiiE$_$6,20,rights,6.722468852996826,6.902468681335449,True,0.644089937210083,False,True,True
-UuX1xuaiiE$_$6,21,issues,6.96246862411499,7.302468776702881,True,0.09222951531410217,True,True,True
-a55Q6RWvTA$_$3,0,And,0.7624687552452087,0.8824687600135803,True,0.9940014481544495,False,True,False
-a55Q6RWvTA$_$3,1,if,1.042468786239624,1.0824687480926514,True,0.11517304182052612,False,True,False
-a55Q6RWvTA$_$3,2,you,1.1824687719345093,1.2824687957763672,True,0.8220093846321106,False,True,False
-a55Q6RWvTA$_$3,3,clip,1.4424687623977661,1.6824687719345093,True,0.8520065546035767,False,True,True
-a55Q6RWvTA$_$3,4,coupons,1.762468695640564,2.542468786239624,True,0.9638983011245728,False,True,True
-a55Q6RWvTA$_$3,5,if,2.7024686336517334,2.74246883392334,True,0.9992939233779907,False,True,True
-a55Q6RWvTA$_$3,6,you,2.802468776702881,2.902468681335449,True,0.9393680095672607,False,True,True
-a55Q6RWvTA$_$3,7,don't,3.042468786239624,3.282468795776367,True,0.9989447593688965,False,True,True
-a55Q6RWvTA$_$3,8,go,3.342468738555908,3.4424686431884766,True,0.9997378587722778,False,True,True
-a55Q6RWvTA$_$3,9,out,3.5624687671661377,3.662468671798706,True,0.9977394342422485,False,True,True
-a55Q6RWvTA$_$3,10,for,3.74246883392334,3.862468719482422,True,0.9920852780342102,False,True,True
-a55Q6RWvTA$_$3,11,dinner,3.9424686431884766,4.3224687576293945,True,0.9947492480278015,False,True,True
-a55Q6RWvTA$_$3,12,and,4.46246862411499,4.522468566894531,True,0.9871329665184021,False,True,True
-a55Q6RWvTA$_$3,13,movies,4.662468910217285,5.1424689292907715,True,0.9959598779678345,False,True,True
-a55Q6RWvTA$_$3,14,and,5.24246883392334,5.3224687576293945,True,0.9024844169616699,False,True,True
-a55Q6RWvTA$_$3,15,things,5.3824687004089355,5.562468528747559,True,0.9996743202209473,False,True,True
-a55Q6RWvTA$_$3,16,of,5.602468967437744,5.6424689292907715,True,0.6881340742111206,False,True,True
-a55Q6RWvTA$_$3,17,that,5.662468910217285,5.802468776702881,True,0.9549261927604675,False,True,True
-a55Q6RWvTA$_$3,18,nature,5.8824687004089355,6.282468795776367,True,0.9623124599456787,False,True,True
-a55Q6RWvTA$_$3,19,and,6.942468643188477,7.022468566894531,True,0.997164249420166,False,True,True
-a55Q6RWvTA$_$3,20,try,7.162468910217285,7.302468776702881,True,0.9873269200325012,False,True,True
-a55Q6RWvTA$_$3,21,to,7.3824687004089355,7.442468643188477,True,0.9675134420394897,False,True,True
-a55Q6RWvTA$_$3,22,take,7.502468585968018,7.662468910217285,True,0.9989755153656006,False,True,True
-a55Q6RWvTA$_$3,23,up,7.74246883392334,7.802468776702881,True,0.9982856512069702,False,True,True
-a55Q6RWvTA$_$3,24,things,7.96246862411499,8.262468338012695,True,0.9459147453308105,False,True,True
-a55Q6RWvTA$_$3,25,in,8.362468719482422,8.40246868133545,True,0.999181866645813,False,True,True
-a55Q6RWvTA$_$3,26,life,8.542469024658203,8.782468795776367,True,0.9778759479522705,False,True,True
-a55Q6RWvTA$_$3,27,that,8.842469215393066,8.982468605041504,True,0.9851205945014954,False,True,True
-a55Q6RWvTA$_$3,28,well,9.08246898651123,9.322468757629395,True,0.9981813430786133,False,True,True
-a55Q6RWvTA$_$3,29,they,9.462469100952148,9.58246898651123,True,0.994217038154602,False,True,True
-a55Q6RWvTA$_$3,30,always,9.642468452453613,9.90246868133545,True,0.9939419627189636,False,True,True
-a55Q6RWvTA$_$3,31,say,9.962469100952148,10.122468948364258,True,0.9998109936714172,False,True,True
-a55Q6RWvTA$_$3,32,the,10.222468376159668,10.282468795776367,True,0.9948151707649231,False,True,True
-a55Q6RWvTA$_$3,33,best,10.342469215393066,10.542469024658203,True,0.921042263507843,False,True,True
-a55Q6RWvTA$_$3,34,things,10.58246898651123,10.782468795776367,True,0.9991291761398315,False,True,True
-a55Q6RWvTA$_$3,35,in,10.842469215393066,10.882469177246094,True,0.9987549781799316,False,True,True
-a55Q6RWvTA$_$3,36,life,10.962469100952148,11.162468910217285,True,0.9868025779724121,False,True,True
-a55Q6RWvTA$_$3,37,are,11.24246883392334,11.342469215393066,True,0.885310173034668,False,True,True
-a55Q6RWvTA$_$3,38,free,11.442468643188477,11.722468376159668,True,0.98915034532547,False,True,True
-a55Q6RWvTA$_$3,39,Reading,12.422469139099121,12.702468872070312,True,0.9689290523529053,False,True,True
-a55Q6RWvTA$_$3,40,a,12.782468795776367,12.802468299865723,True,0.990815281867981,False,True,False
-a55Q6RWvTA$_$3,41,book,12.90246868133545,13.162468910217285,True,0.9836142659187317,False,True,True
-a55Q6RWvTA$_$3,42,going,14.382469177246094,14.602468490600586,True,0.992385983467102,False,True,True
-a55Q6RWvTA$_$3,43,for,14.642468452453613,14.74246883392334,True,0.9992466568946838,False,True,True
-a55Q6RWvTA$_$3,44,a,14.802468299865723,14.822468757629395,True,0.9582839608192444,False,True,True
-a55Q6RWvTA$_$3,45,nice,14.882469177246094,15.08246898651123,True,0.9870303869247437,False,True,True
-a55Q6RWvTA$_$3,46,walk,15.18246841430664,15.462469100952148,True,0.9941761493682861,False,True,True
-a55Q6RWvTA$_$3,47,and,15.542469024658203,15.602468490600586,True,0.6183207035064697,False,True,True
-a55Q6RWvTA$_$3,48,of,15.622468948364258,15.662468910217285,True,0.6317523121833801,False,True,True
-a55Q6RWvTA$_$3,49,course,15.702468872070312,15.90246868133545,True,0.942880392074585,False,True,True
-a55Q6RWvTA$_$3,50,combining,15.962469100952148,16.50246810913086,True,0.9823777079582214,False,True,True
-a55Q6RWvTA$_$3,51,exercise,16.64246940612793,17.16246795654297,True,0.9877185821533203,False,True,True
-a55Q6RWvTA$_$3,52,and,17.242467880249023,17.322467803955078,True,0.8687346577644348,False,True,True
-a55Q6RWvTA$_$3,53,various,17.362468719482422,17.622468948364258,True,0.9831171631813049,False,True,True
-a55Q6RWvTA$_$3,54,things,17.68246841430664,17.84246826171875,True,0.9691444635391235,False,True,True
-a55Q6RWvTA$_$3,55,of,17.902469635009766,17.942468643188477,True,0.009405110962688923,True,True,True
-a55Q6RWvTA$_$3,56,that,17.96246910095215,18.082468032836914,True,0.3838671147823334,False,True,True
-a55Q6RWvTA$_$3,57,nature,18.18246841430664,18.52246856689453,True,0.9642725586891174,False,True,True
-a55Q6RWvTA$_$3,58,where,18.942468643188477,19.062469482421875,True,0.7492432594299316,False,True,True
-a55Q6RWvTA$_$3,59,you're,19.082468032836914,19.242467880249023,True,0.8946278095245361,False,True,True
-a55Q6RWvTA$_$3,60,not,19.282468795776367,19.402469635009766,True,0.9983298182487488,False,True,True
-a55Q6RWvTA$_$3,61,spending,19.562469482421875,20.042469024658203,True,0.9874748587608337,False,True,True
-a55Q6RWvTA$_$3,62,money,20.262468338012695,20.562469482421875,True,0.9752583503723145,False,True,True
-a55Q6RWvTA$_$3,63,per,20.84246826171875,21.062469482421875,True,0.9742094874382019,False,True,True
-a55Q6RWvTA$_$3,64,se,21.222469329833984,21.582468032836914,True,0.020210493355989456,True,True,True
-aNfi7CP8vM$_$7,0,Maybe,0.5424687266349792,0.8624687790870667,True,0.8937117457389832,False,True,True
-aNfi7CP8vM$_$7,1,they,1.5824687480926514,1.702468752861023,True,0.9878042340278625,False,True,True
-aNfi7CP8vM$_$7,2,have,1.7824687957763672,1.9024688005447388,True,0.9751566648483276,False,True,True
-aNfi7CP8vM$_$7,3,no,1.9624687433242798,2.0624687671661377,True,0.9846522212028503,False,True,True
-aNfi7CP8vM$_$7,4,political,2.1824686527252197,2.602468729019165,True,0.9923843145370483,False,True,True
-aNfi7CP8vM$_$7,5,party,2.7024686336517334,2.982468843460083,True,0.9983969926834106,False,True,True
-aNfi7CP8vM$_$7,6,affiliation,3.0624687671661377,3.802468776702881,True,0.8720734715461731,False,True,True
-aNfi7CP8vM$_$7,7,they're,4.2624688148498535,4.482468605041504,True,0.6647393703460693,False,True,True
-aNfi7CP8vM$_$7,8,not,4.502468585968018,4.622468948364258,True,0.998397171497345,False,True,True
-aNfi7CP8vM$_$7,9,interested,4.782468795776367,5.162468910217285,True,0.9596677422523499,False,True,True
-aNfi7CP8vM$_$7,10,in,5.24246883392334,5.282468795776367,True,0.999751091003418,False,True,True
-aNfi7CP8vM$_$7,11,politics,5.342468738555908,5.922468662261963,True,0.9727585911750793,False,True,True
-aNfi7CP8vM$_$7,12,they,6.002468585968018,6.122468948364258,True,0.988365650177002,False,True,True
-aNfi7CP8vM$_$7,13,could,6.162468910217285,6.302468776702881,True,0.955012857913971,False,True,True
-aNfi7CP8vM$_$7,14,care,6.342468738555908,6.522468566894531,True,0.9982495307922363,False,True,True
-aNfi7CP8vM$_$7,15,less,6.602468967437744,6.842468738555908,True,0.9139692187309265,False,True,True
-aNfi7CP8vM$_$7,16,about,6.902468681335449,7.122468948364258,True,0.9896950721740723,False,True,True
-aNfi7CP8vM$_$7,17,politics,7.2024688720703125,7.862468719482422,True,0.9526176452636719,False,True,True
-aqamKhZ1Ec$_$0,0,In,0.1224687471985817,0.16246874630451202,True,0.12370393425226212,False,True,True
-aqamKhZ1Ec$_$0,1,2008,0.36246874928474426,2.782468795776367,True,0.876253068447113,False,True,True
-aqamKhZ1Ec$_$0,2,there,2.862468719482422,3.0024688243865967,True,0.932519257068634,False,True,True
-aqamKhZ1Ec$_$0,3,were,3.042468786239624,3.1424686908721924,True,0.9566320776939392,False,True,True
-aqamKhZ1Ec$_$0,4,very,3.24246883392334,3.5024688243865967,True,0.9974676966667175,False,True,True
-aqamKhZ1Ec$_$0,5,serious,3.6224687099456787,4.062468528747559,True,0.986048698425293,False,True,True
-aqamKhZ1Ec$_$0,6,tribal,4.162468910217285,4.522468566894531,True,0.7823842763900757,False,True,True
-aqamKhZ1Ec$_$0,7,warfare,4.7024688720703125,5.222468852996826,True,0.9368780255317688,False,True,True
-aqamKhZ1Ec$_$0,8,in,5.442468643188477,5.482468605041504,True,0.9405338168144226,False,True,True
-aqamKhZ1Ec$_$0,9,Kenya,5.96246862411499,8.002469062805176,True,0.23307301104068756,False,True,True
-aqamKhZ1Ec$_$0,10,following,8.982468605041504,9.342469215393066,True,0.9904342889785767,False,True,True
-aqamKhZ1Ec$_$0,11,a,9.40246868133545,9.422469139099121,True,0.8756573796272278,False,True,True
-aqamKhZ1Ec$_$0,12,disputed,9.502469062805176,9.942468643188477,True,0.9756422638893127,False,True,True
-aqamKhZ1Ec$_$0,13,election,10.022468566894531,10.40246868133545,True,0.9546284675598145,False,True,True
-dxfTGcXJoc$_$1,0,For,0.5024687647819519,0.602468729019165,True,0.9995894432067871,False,True,True
-dxfTGcXJoc$_$1,1,the,0.6624687314033508,0.7424687743186951,True,0.9688433408737183,False,True,True
-dxfTGcXJoc$_$1,2,10th,0.8024687767028809,1.0224688053131104,True,0.9882250428199768,False,True,True
-dxfTGcXJoc$_$1,3,straight,1.1224687099456787,1.4024688005447388,True,0.9629130959510803,False,True,True
-dxfTGcXJoc$_$1,4,year,1.4824687242507935,1.702468752861023,True,0.8499886989593506,False,True,True
-dxfTGcXJoc$_$1,5,some,2.2624688148498535,2.542468786239624,True,0.9768765568733215,False,True,True
-dxfTGcXJoc$_$1,6,of,2.6424686908721924,2.6824686527252197,True,0.9997931718826294,False,True,True
-dxfTGcXJoc$_$1,7,Kentucky’s,2.7624688148498535,3.2624688148498535,True,0.985129177570343,False,True,True
-dxfTGcXJoc$_$1,8,best,3.422468662261963,3.722468852996826,True,0.9935371279716492,False,True,True
-dxfTGcXJoc$_$1,9,and,3.922468662261963,3.982468843460083,True,0.9995957612991333,False,True,True
-dxfTGcXJoc$_$1,10,most,4.0824689865112305,4.282468795776367,True,0.9378423094749451,False,True,True
-dxfTGcXJoc$_$1,11,innovative,4.442468643188477,4.902468681335449,True,0.3673480451107025,False,True,True
-dxfTGcXJoc$_$1,12,biotech,4.96246862411499,5.502468585968018,True,0.4162702262401581,False,True,True
-dxfTGcXJoc$_$1,13,companies,5.5824689865112305,6.002468585968018,True,0.9658886790275574,False,True,True
-dxfTGcXJoc$_$1,14,and,6.0824689865112305,6.1424689292907715,True,0.9995672702789307,False,True,True
-dxfTGcXJoc$_$1,15,technologies,6.222468852996826,6.942468643188477,True,0.9536428451538086,False,True,True
-dxfTGcXJoc$_$1,16,were,7.3224687576293945,7.502468585968018,True,0.9921771883964539,False,True,True
-dxfTGcXJoc$_$1,17,on,7.662468910217285,7.74246883392334,True,0.9400668144226074,False,True,True
-dxfTGcXJoc$_$1,18,display,7.842468738555908,8.422469139099121,True,0.9891351461410522,False,True,True
-dxfTGcXJoc$_$1,19,at,8.662468910217285,8.722468376159668,True,0.9710003137588501,False,True,True
-dxfTGcXJoc$_$1,20,the,8.782468795776367,8.90246868133545,True,0.9894185066223145,False,True,True
-dxfTGcXJoc$_$1,21,annual,9.08246898651123,9.40246868133545,True,0.9176546335220337,False,True,True
-dxfTGcXJoc$_$1,22,BIO,9.662468910217285,9.922469139099121,True,0.18453629314899445,False,True,True
-dxfTGcXJoc$_$1,23,International,10.24246883392334,10.762468338012695,True,0.9849454164505005,False,True,True
-dxfTGcXJoc$_$1,24,Convention,10.842469215393066,11.302468299865723,True,0.9752222299575806,False,True,True
-dxfTGcXJoc$_$1,25,which,11.862468719482422,12.042469024658203,True,0.9659377336502075,False,True,True
-dxfTGcXJoc$_$1,26,I,12.382469177246094,12.40246868133545,True,0.9964712858200073,False,True,True
-dxfTGcXJoc$_$1,27,and,12.58246898651123,12.68246841430664,True,0.974062979221344,False,True,True
-dxfTGcXJoc$_$1,28,other,12.802468299865723,12.962469100952148,True,0.9999059438705444,False,True,True
-dxfTGcXJoc$_$1,29,state,13.002469062805176,13.202468872070312,True,0.9980790615081787,False,True,True
-dxfTGcXJoc$_$1,30,officials,13.24246883392334,13.662468910217285,True,0.9501519203186035,False,True,True
-dxfTGcXJoc$_$1,31,attended,13.782468795776367,14.122468948364258,True,0.995084822177887,False,True,True
-dxfTGcXJoc$_$1,32,this,14.18246841430664,14.322468757629395,True,0.9929611682891846,False,True,True
-dxfTGcXJoc$_$1,33,week,14.422469139099121,14.622468948364258,True,0.9736966490745544,False,True,True
-dxfTGcXJoc$_$1,34,in,14.862468719482422,14.90246868133545,True,0.9998222589492798,False,True,True
-dxfTGcXJoc$_$1,35,Chicago,14.962469100952148,15.442468643188477,True,0.9880979657173157,False,True,True
-dxfTGcXJoc$_$0,0,This,0.5824687480926514,0.6824687719345093,True,0.998073399066925,False,True,False
-dxfTGcXJoc$_$0,1,is,0.7824687361717224,0.8424687385559082,True,0.9986200332641602,False,True,False
-dxfTGcXJoc$_$0,2,Governor,0.902468740940094,1.202468752861023,True,0.9746020436286926,False,True,False
-dxfTGcXJoc$_$0,3,Steve,1.262468695640564,1.5624687671661377,True,0.9578650593757629,False,True,False
-dxfTGcXJoc$_$0,4,Beshear,1.602468729019165,2.0024688243865967,True,0.3153235912322998,False,True,False
-dxfTGcXJoc$_$0,5,About,2.6224687099456787,2.842468738555908,True,0.9999276995658875,False,True,False
-dxfTGcXJoc$_$0,6,Kentucky,2.9424686431884766,3.3824687004089355,True,0.9605604410171509,False,True,False
-dxfTGcXJoc$_$0,7,Our,4.46246862411499,4.542468547821045,True,0.9996783137321472,False,True,False
-dxfTGcXJoc$_$0,8,state,4.622468948364258,4.902468681335449,True,0.9962618350982666,False,True,True
-dxfTGcXJoc$_$0,9,is,4.982468605041504,5.042468547821045,True,0.998866617679596,False,True,True
-dxfTGcXJoc$_$0,10,home,5.1424689292907715,5.442468643188477,True,0.9725062251091003,False,True,True
-dxfTGcXJoc$_$0,11,to,5.542468547821045,5.622468948364258,True,0.999948263168335,False,True,True
-dxfTGcXJoc$_$0,12,more,5.7024688720703125,5.8824687004089355,True,0.9852663278579712,False,True,True
-dxfTGcXJoc$_$0,13,than,5.922468662261963,6.062468528747559,True,0.98619544506073,False,True,True
-dxfTGcXJoc$_$0,14,"1,500",6.222468852996826,7.1424689292907715,True,0.9796422123908997,False,True,True
-dxfTGcXJoc$_$0,15,bioscience,7.282468795776367,8.062468528747559,True,0.6056797504425049,False,True,True
-dxfTGcXJoc$_$0,16,and,8.262468338012695,8.342469215393066,True,0.9992604851722717,False,True,True
-dxfTGcXJoc$_$0,17,lifescience,8.462469100952148,9.022468566894531,True,0.9558725357055664,False,True,True
-dxfTGcXJoc$_$0,18,companies,9.102468490600586,9.502469062805176,True,0.9990967512130737,False,True,True
-dxfTGcXJoc$_$0,19,and,10.08246898651123,10.142468452453613,True,0.9996145367622375,False,True,True
-dxfTGcXJoc$_$0,20,more,10.222468376159668,10.382469177246094,True,0.9847328066825867,False,True,True
-dxfTGcXJoc$_$0,21,than,10.40246868133545,10.522468566894531,True,0.9957131147384644,False,True,True
-dxfTGcXJoc$_$0,22,"100,000",10.58246898651123,11.502469062805176,True,0.44133859872817993,False,True,True
-dxfTGcXJoc$_$0,23,people,11.562468528747559,11.862468719482422,True,0.9814595580101013,False,True,True
-dxfTGcXJoc$_$0,24,who,12.062468528747559,12.162468910217285,True,0.9601909518241882,False,True,True
-dxfTGcXJoc$_$0,25,work,12.262468338012695,12.40246868133545,True,0.9620935320854187,False,True,True
-dxfTGcXJoc$_$0,26,for,12.482468605041504,12.562468528747559,True,0.9885619282722473,False,True,True
-dxfTGcXJoc$_$0,27,these,12.602468490600586,12.762468338012695,True,0.9959983229637146,False,True,True
-dxfTGcXJoc$_$0,28,firms,12.822468757629395,13.202468872070312,True,0.9619404673576355,False,True,True
-dxfTGcXJoc$_$0,29,in,13.942468643188477,14.002469062805176,True,0.9357378482818604,False,True,True
-dxfTGcXJoc$_$0,30,areas,14.18246841430664,14.542469024658203,True,0.9951753616333008,False,True,True
-dxfTGcXJoc$_$0,31,from,14.642468452453613,14.842469215393066,True,0.9757320284843445,False,True,True
-dxfTGcXJoc$_$0,32,nutrigenomics,15.18246841430664,16.102468490600586,True,0.6667103171348572,False,True,True
-dxfTGcXJoc$_$0,33,and,16.262468338012695,16.34246826171875,True,0.9995185136795044,False,True,True
-dxfTGcXJoc$_$0,34,pharmaceuticals,16.422468185424805,17.242467880249023,True,0.48372113704681396,False,True,True
-dxfTGcXJoc$_$0,35,to,17.64246940612793,17.742467880249023,True,0.6524443626403809,False,True,True
-dxfTGcXJoc$_$0,36,nanotechnology,17.782468795776367,18.762468338012695,True,0.968623697757721,False,True,True
-dxfTGcXJoc$_$0,37,and,18.822467803955078,18.902469635009766,True,0.9237241744995117,False,True,True
-dxfTGcXJoc$_$0,38,medical,18.942468643188477,19.222469329833984,True,0.9562264084815979,False,True,True
-dxfTGcXJoc$_$0,39,devices,19.282468795776367,19.782468795776367,True,0.8608654141426086,False,True,True
-dxfTGcXJoc$_$2,0,An,0.5624687671661377,0.602468729019165,True,0.9999081492424011,False,True,True
-dxfTGcXJoc$_$2,1,estimated,0.7624687552452087,1.262468695640564,True,0.9293231964111328,False,True,True
-dxfTGcXJoc$_$2,2,"20,000",1.3824687004089355,2.2024686336517334,True,0.943993866443634,False,True,True
-dxfTGcXJoc$_$2,3,biotech,2.362468719482422,2.922468662261963,True,0.4352512061595917,False,True,True
-dxfTGcXJoc$_$2,4,scientists,3.0224688053131104,3.602468729019165,True,0.8876885771751404,False,True,True
-dxfTGcXJoc$_$2,5,executives,3.902468681335449,4.542468547821045,True,0.9829824566841125,False,True,True
-dxfTGcXJoc$_$2,6,and,4.74246883392334,4.8224687576293945,True,0.9408907294273376,False,True,True
-dxfTGcXJoc$_$2,7,industry,5.042468547821045,5.442468643188477,True,0.9767517447471619,False,True,True
-dxfTGcXJoc$_$2,8,experts,5.562468528747559,6.022468566894531,True,0.9946382641792297,False,True,True
-dxfTGcXJoc$_$2,9,from,6.422468662261963,6.542468547821045,True,0.9892706274986267,False,True,True
-dxfTGcXJoc$_$2,10,more,6.622468948364258,6.7624688148498535,True,0.9995420575141907,False,True,True
-dxfTGcXJoc$_$2,11,than,6.802468776702881,6.922468662261963,True,0.9182793498039246,False,True,True
-dxfTGcXJoc$_$2,12,50,7.002468585968018,7.282468795776367,True,0.9912488460540771,False,True,True
-dxfTGcXJoc$_$2,13,nations,7.362468719482422,7.7624688148498535,True,0.9360082149505615,False,True,True
-dxfTGcXJoc$_$2,14,were,8.062468528747559,8.222468376159668,True,0.984565019607544,False,True,True
-dxfTGcXJoc$_$2,15,at,8.382469177246094,8.462469100952148,True,0.9596145153045654,False,True,True
-dxfTGcXJoc$_$2,16,the,8.522468566894531,8.602468490600586,True,0.9955422878265381,False,True,True
-dxfTGcXJoc$_$2,17,BIO,8.662468910217285,8.842469215393066,True,0.0596759207546711,True,True,True
-dxfTGcXJoc$_$2,18,conference,9.062468528747559,9.502469062805176,True,0.9943643808364868,False,True,True
-dxfTGcXJoc$_$2,19,to,9.602468490600586,9.702468872070312,True,0.9999761581420898,False,True,True
-dxfTGcXJoc$_$2,20,learn,9.782468795776367,10.08246898651123,True,0.9062572121620178,False,True,True
-dxfTGcXJoc$_$2,21,about,10.202468872070312,10.422469139099121,True,0.9257294535636902,False,True,True
-dxfTGcXJoc$_$2,22,the,10.462469100952148,10.522468566894531,True,0.9998207688331604,False,True,True
-dxfTGcXJoc$_$2,23,latest,10.58246898651123,10.90246868133545,True,0.9995827078819275,False,True,True
-dxfTGcXJoc$_$2,24,scientific,10.942468643188477,11.462469100952148,True,0.9324359893798828,False,True,True
-dxfTGcXJoc$_$2,25,advances,11.542469024658203,12.062468528747559,True,0.9859005808830261,False,True,True
-dxfTGcXJoc$_$2,26,and,12.542469024658203,12.622468948364258,True,0.9945756793022156,False,True,True
-dxfTGcXJoc$_$2,27,to,12.68246841430664,12.74246883392334,True,0.999910831451416,False,True,True
-dxfTGcXJoc$_$2,28,exchange,12.822468757629395,13.322468757629395,True,0.9844662547111511,False,True,True
-dxfTGcXJoc$_$2,29,ideas,13.482468605041504,13.90246868133545,True,0.950040876865387,False,True,True
-dxfTGcXJoc$_$2,30,and,14.202468872070312,14.282468795776367,True,0.9998878836631775,False,True,True
-dxfTGcXJoc$_$2,31,establish,14.322468757629395,14.762468338012695,True,0.9960343241691589,False,True,True
-dxfTGcXJoc$_$2,32,business,14.862468719482422,15.222468376159668,True,0.9980320334434509,False,True,True
-dxfTGcXJoc$_$2,33,relationships,15.262468338012695,16.00246810913086,True,0.9529455900192261,False,True,True
-dxfTGcXJoc$_$6,0,Kentucky’s,0.42246875166893005,0.9224687218666077,True,0.995979905128479,False,True,True
-dxfTGcXJoc$_$6,1,participation,0.9824687242507935,1.7824687957763672,True,0.995727002620697,False,True,True
-dxfTGcXJoc$_$6,2,at,1.9024688005447388,1.9424687623977661,True,0.9988652467727661,False,True,True
-dxfTGcXJoc$_$6,3,the,2.0024688243865967,2.1224687099456787,True,0.9199930429458618,False,True,True
-dxfTGcXJoc$_$6,4,annual,2.3224687576293945,2.6424686908721924,True,0.905537486076355,False,True,True
-dxfTGcXJoc$_$6,5,BIO,2.74246883392334,2.9624688625335693,True,0.09165456146001816,True,True,True
-dxfTGcXJoc$_$6,6,International,3.162468671798706,3.722468852996826,True,0.9741181135177612,False,True,True
-dxfTGcXJoc$_$6,7,Convention,3.782468795776367,4.2624688148498535,True,0.9656206369400024,False,True,True
-dxfTGcXJoc$_$6,8,is,4.862468719482422,4.922468662261963,True,0.9979757070541382,False,True,True
-dxfTGcXJoc$_$6,9,the,5.042468547821045,5.122468948364258,True,0.9997426271438599,False,True,True
-dxfTGcXJoc$_$6,10,primary,5.2024688720703125,5.7024688720703125,True,0.9814402461051941,False,True,True
-dxfTGcXJoc$_$6,11,means,5.802468776702881,6.162468910217285,True,0.9631019830703735,False,True,True
-dxfTGcXJoc$_$6,12,by,6.2624688148498535,6.3824687004089355,True,0.9999779462814331,False,True,True
-dxfTGcXJoc$_$6,13,which,6.482468605041504,6.7024688720703125,True,0.995875358581543,False,True,True
-dxfTGcXJoc$_$6,14,our,7.002468585968018,7.122468948364258,True,0.9542557597160339,False,True,True
-dxfTGcXJoc$_$6,15,high,7.222468852996826,7.402468681335449,True,0.42899832129478455,False,True,True
-dxfTGcXJoc$_$6,16,tech,7.46246862411499,7.682468891143799,True,0.691423773765564,False,True,True
-dxfTGcXJoc$_$6,17,companies,7.7624688148498535,8.202468872070312,True,0.9906923770904541,False,True,True
-dxfTGcXJoc$_$6,18,and,8.282468795776367,8.362468719482422,True,0.9988992810249329,False,True,True
-dxfTGcXJoc$_$6,19,institutions,8.422469139099121,9.142468452453613,True,0.980654239654541,False,True,True
-dxfTGcXJoc$_$6,20,can,9.362468719482422,9.502469062805176,True,0.9613343477249146,False,True,True
-dxfTGcXJoc$_$6,21,reach,9.622468948364258,9.842469215393066,True,0.993044376373291,False,True,True
-dxfTGcXJoc$_$6,22,out,10.002469062805176,10.122468948364258,True,0.9766179919242859,False,True,True
-dxfTGcXJoc$_$6,23,to,10.262468338012695,10.342469215393066,True,0.9993343353271484,False,True,True
-dxfTGcXJoc$_$6,24,the,10.422469139099121,10.482468605041504,True,0.9993069767951965,False,True,True
-dxfTGcXJoc$_$6,25,global,10.542469024658203,10.90246868133545,True,0.9521848559379578,False,True,True
-dxfTGcXJoc$_$6,26,scientific,10.982468605041504,11.522468566894531,True,0.9595068693161011,False,True,True
-dxfTGcXJoc$_$6,27,community,11.602468490600586,12.062468528747559,True,0.9875195622444153,False,True,True
-egA8-b7-3M$_$26,0,We're,0.5224687457084656,0.702468752861023,True,0.7618627548217773,False,True,True
-egA8-b7-3M$_$26,1,updating,0.7824687361717224,1.1624687910079956,True,0.9577541947364807,False,True,True
-egA8-b7-3M$_$26,2,it,1.2424687147140503,1.2824687957763672,True,0.9839879274368286,False,True,True
-egA8-b7-3M$_$26,3,all,1.4024688005447388,1.542468786239624,True,0.9663916230201721,False,True,True
-egA8-b7-3M$_$26,4,the,1.602468729019165,1.6824687719345093,True,0.989607036113739,False,True,True
-egA8-b7-3M$_$26,5,time,1.7424687147140503,2.0024688243865967,True,0.9998903274536133,False,True,True
-egA8-b7-3M$_$26,6,and,2.482468843460083,2.5624687671661377,True,0.9998981952667236,False,True,True
-egA8-b7-3M$_$26,7,looking,2.6224687099456787,2.902468681335449,True,0.9997962713241577,False,True,True
-egA8-b7-3M$_$26,8,forward,3.0024688243865967,3.302468776702881,True,0.9883283972740173,False,True,True
-egA8-b7-3M$_$26,9,to,3.3824687004089355,3.4624688625335693,True,0.9999292492866516,False,True,True
-egA8-b7-3M$_$26,10,your,3.5224688053131104,3.7024686336517334,True,0.9844440221786499,False,True,True
-egA8-b7-3M$_$26,11,comments,3.782468795776367,4.2624688148498535,True,0.9792304039001465,False,True,True
-egA8-b7-3M$_$26,12,on,4.46246862411499,4.502468585968018,True,0.9980807900428772,False,True,True
-egA8-b7-3M$_$26,13,our,4.602468967437744,4.682468891143799,True,0.32433202862739563,False,True,True
-egA8-b7-3M$_$26,14,videos,4.722468852996826,5.2024688720703125,True,0.5115134716033936,False,True,True
-egA8-b7-3M$_$17,0,As,0.6224687695503235,0.702468752861023,True,0.9939054846763611,False,True,True
-egA8-b7-3M$_$17,1,you,0.7624687552452087,0.8624687790870667,True,0.9945328235626221,False,True,True
-egA8-b7-3M$_$17,2,have,0.9624687433242798,1.102468729019165,True,0.9986886978149414,False,True,True
-egA8-b7-3M$_$17,3,more,1.1824687719345093,1.3624687194824219,True,0.9592337012290955,False,True,True
-egA8-b7-3M$_$17,4,experience,1.4424687623977661,2.0624687671661377,True,0.9805064797401428,False,True,True
-egA8-b7-3M$_$17,5,you,3.222468852996826,3.302468776702881,True,0.9998211860656738,False,True,True
-egA8-b7-3M$_$17,6,have,3.402468681335449,3.5224688053131104,True,0.9431046843528748,False,True,True
-egA8-b7-3M$_$17,7,more,3.5824687480926514,3.7624688148498535,True,0.9895449280738831,False,True,True
-egA8-b7-3M$_$17,8,times,3.842468738555908,4.182468891143799,True,0.9950865507125854,False,True,True
-egA8-b7-3M$_$17,9,exhibiting,4.302468776702881,4.842468738555908,True,0.971564769744873,False,True,True
-egA8-b7-3M$_$17,10,you,5.24246883392334,5.342468738555908,True,0.9971778392791748,False,True,True
-egA8-b7-3M$_$17,11,get,5.402468681335449,5.522468566894531,True,0.9993060827255249,False,True,True
-egA8-b7-3M$_$17,12,to,5.5824689865112305,5.6424689292907715,True,0.8931363821029663,False,True,True
-egA8-b7-3M$_$17,13,know,5.7024688720703125,5.862468719482422,True,0.6258426308631897,False,True,True
-egA8-b7-3M$_$17,14,more,5.942468643188477,6.102468967437744,True,0.9999799132347107,False,True,True
-egA8-b7-3M$_$17,15,people,6.182468891143799,6.502468585968018,True,0.9985598921775818,False,True,True
-egA8-b7-3M$_$18,0,It,0.5824687480926514,0.6224687695503235,True,0.9998927712440491,False,True,True
-egA8-b7-3M$_$18,1,becomes,0.702468752861023,1.1224687099456787,True,0.9968316555023193,False,True,True
-egA8-b7-3M$_$18,2,easier,1.3824687004089355,1.7824687957763672,True,0.9190255403518677,False,True,True
-egA8-b7-3M$_$18,3,at,1.9624687433242798,2.0024688243865967,True,0.9942476749420166,False,True,True
-egA8-b7-3M$_$18,4,each,2.1824686527252197,2.342468738555908,True,0.9257442355155945,False,True,True
-egA8-b7-3M$_$18,5,one,2.482468843460083,2.5624687671661377,True,0.9999448657035828,False,True,True
-egA8-b7-3M$_$18,6,of,2.6224687099456787,2.662468671798706,True,0.9997561573982239,False,True,True
-egA8-b7-3M$_$18,7,these,2.7024686336517334,2.862468719482422,True,0.9973360300064087,False,True,True
-egA8-b7-3M$_$18,8,conferences,2.9424686431884766,3.5624687671661377,True,0.9711029529571533,False,True,True
-egA8-b7-3M$_$18,9,to,4.102468967437744,4.2024688720703125,True,0.9998856782913208,False,True,True
-egA8-b7-3M$_$18,10,connect,4.2624688148498535,4.5824689865112305,True,0.9999608993530273,False,True,True
-egA8-b7-3M$_$18,11,with,4.662468910217285,4.802468776702881,True,0.911028265953064,False,True,True
-egA8-b7-3M$_$18,12,people,4.862468719482422,5.162468910217285,True,0.9668951034545898,False,True,True
-egA8-b7-3M$_$18,13,that,5.24246883392334,5.342468738555908,True,0.9377518892288208,False,True,True
-egA8-b7-3M$_$18,14,you've,5.3824687004089355,5.602468967437744,True,0.9732999801635742,False,True,True
-egA8-b7-3M$_$18,15,met,5.682468891143799,5.8824687004089355,True,0.999932587146759,False,True,True
-egA8-b7-3M$_$18,16,or,6.422468662261963,6.482468605041504,True,0.9967250823974609,False,True,True
-egA8-b7-3M$_$18,17,that,6.562468528747559,6.662468910217285,True,0.9386860132217407,False,True,True
-egA8-b7-3M$_$18,18,you're,6.7024688720703125,6.862468719482422,True,0.9609137773513794,False,True,True
-egA8-b7-3M$_$18,19,doing,6.902468681335449,7.102468967437744,True,0.9998088479042053,False,True,True
-egA8-b7-3M$_$18,20,business,7.182468891143799,7.562468528747559,True,0.9927107691764832,False,True,True
-egA8-b7-3M$_$18,21,with,7.622468948364258,7.842468738555908,True,0.3775408864021301,False,True,True
-egA8-b7-3M$_$16,0,Third,0.48246875405311584,0.7624687552452087,True,0.9558011889457703,False,True,True
-egA8-b7-3M$_$16,1,another,0.9424687623977661,1.2824687957763672,True,0.9725340604782104,False,True,True
-egA8-b7-3M$_$16,2,big,1.3224687576293945,1.4824687242507935,True,0.9999895691871643,False,True,True
-egA8-b7-3M$_$16,3,benefit,1.542468786239624,1.9624687433242798,True,0.9983779788017273,False,True,True
-egA8-b7-3M$_$16,4,of,2.0224688053131104,2.0624687671661377,True,0.9998490214347839,False,True,True
-egA8-b7-3M$_$16,5,exhibiting,2.1824686527252197,2.6824686527252197,True,0.9811376929283142,False,True,True
-egA8-b7-3M$_$16,6,is,2.8224687576293945,2.902468681335449,True,0.9976047277450562,False,True,True
-egA8-b7-3M$_$16,7,connecting,3.0024688243865967,3.482468843460083,True,0.9961745738983154,False,True,True
-egA8-b7-3M$_$16,8,with,3.542468786239624,3.6824686527252197,True,0.9856633543968201,False,True,True
-egA8-b7-3M$_$16,9,existing,3.802468776702881,4.302468776702881,True,0.9887080192565918,False,True,True
-egA8-b7-3M$_$16,10,clients,4.362468719482422,4.7624688148498535,True,0.9947959184646606,False,True,True
-egA8-b7-3M$_$13,0,What,0.5224687457084656,0.6424687504768372,True,0.9991052746772766,False,True,True
-egA8-b7-3M$_$13,1,are,0.6624687314033508,0.7424687743186951,True,0.9827868938446045,False,True,True
-egA8-b7-3M$_$13,2,you,0.7824687361717224,0.8624687790870667,True,0.9966671466827393,False,True,True
-egA8-b7-3M$_$13,3,doing,0.902468740940094,1.1224687099456787,True,0.9440459609031677,False,True,True
-egA8-b7-3M$_$13,4,that's,1.1824687719345093,1.3624687194824219,True,0.913233757019043,False,True,True
-egA8-b7-3M$_$13,5,different,1.4024688005447388,1.7824687957763672,True,0.9828636050224304,False,True,True
-egA8-b7-3M$_$13,6,They,2.342468738555908,2.4424686431884766,True,0.999573826789856,False,True,True
-egA8-b7-3M$_$13,7,always,2.5024688243865967,2.7624688148498535,True,0.9372573494911194,False,True,True
-egA8-b7-3M$_$13,8,want,2.802468776702881,2.982468843460083,True,0.995101273059845,False,True,True
-egA8-b7-3M$_$13,9,an,3.0624687671661377,3.102468729019165,True,0.9731413125991821,False,True,True
-egA8-b7-3M$_$13,10,answer,3.2024686336517334,3.5624687671661377,True,0.2841903269290924,False,True,True
-egA8-b7-3M$_$1,0,I,0.10246875137090683,0.1224687471985817,True,0.9423548579216003,False,True,True
-egA8-b7-3M$_$1,1,started,1.2824687957763672,1.6424686908721924,True,0.9994164705276489,False,True,True
-egA8-b7-3M$_$1,2,a,1.762468695640564,1.7824687957763672,True,0.9901837706565857,False,True,True
-egA8-b7-3M$_$1,3,successful,1.8424687385559082,2.402468681335449,True,0.9824568629264832,False,True,True
-egA8-b7-3M$_$1,4,Legal,2.5024688243865967,2.722468852996826,True,0.9984835386276245,False,True,True
-egA8-b7-3M$_$1,5,Nurse,2.782468795776367,2.9624688625335693,True,0.7914530038833618,False,True,True
-egA8-b7-3M$_$1,6,Consulting,3.0224688053131104,3.5224688053131104,True,0.9862727522850037,False,True,True
-egA8-b7-3M$_$1,7,Business,3.5824687480926514,3.982468843460083,True,0.9583078622817993,False,True,True
-egA8-b7-3M$_$1,8,in,4.542468547821045,4.5824689865112305,True,0.9992872476577759,False,True,True
-egA8-b7-3M$_$1,9,1989,4.682468891143799,5.722468852996826,True,0.9406656622886658,False,True,True
-egA8-b7-3M$_$1,10,I,6.3824687004089355,6.402468681335449,True,0.8248115181922913,False,True,True
-egA8-b7-3M$_$1,11,mentor,6.542468547821045,6.8824687004089355,True,0.8376550674438477,False,True,True
-egA8-b7-3M$_$1,12,nurses,6.942468643188477,7.3224687576293945,True,0.9166240692138672,False,True,True
-egA8-b7-3M$_$1,13,who,7.3824687004089355,7.46246862411499,True,0.9973224997520447,False,True,True
-egA8-b7-3M$_$1,14,want,7.562468528747559,7.782468795776367,True,0.8798037767410278,False,True,True
-egA8-b7-3M$_$1,15,to,7.842468738555908,7.902468681335449,True,0.9991458058357239,False,True,True
-egA8-b7-3M$_$1,16,become,7.96246862411499,8.24246883392334,True,0.9917519092559814,False,True,True
-egA8-b7-3M$_$1,17,Legal,8.322468757629395,8.542469024658203,True,0.9796570539474487,False,True,True
-egA8-b7-3M$_$1,18,Nurse,8.58246898651123,8.782468795776367,True,0.7648316025733948,False,True,True
-egA8-b7-3M$_$1,19,Consultants,8.862468719482422,9.462469100952148,True,0.8890377879142761,False,True,True
-egA8-b7-3M$_$6,0,First,0.5224687457084656,0.8024687767028809,True,0.9956660270690918,False,True,True
-egA8-b7-3M$_$6,1,exhibiting,1.042468786239624,1.5624687671661377,True,0.953694224357605,False,True,True
-egA8-b7-3M$_$6,2,is,1.6424686908721924,1.7224687337875366,True,0.9309120774269104,False,True,True
-egA8-b7-3M$_$6,3,a,1.8024687767028809,1.8224687576293945,True,0.9804435968399048,False,True,True
-egA8-b7-3M$_$6,4,wonderful,1.9424687623977661,2.402468681335449,True,0.9065405130386353,False,True,True
-egA8-b7-3M$_$6,5,opportunity,2.542468786239624,3.162468671798706,True,0.9918606877326965,False,True,True
-egA8-b7-3M$_$6,6,to,3.2624688148498535,3.3824687004089355,True,0.9962531924247742,False,True,True
-egA8-b7-3M$_$6,7,network,3.482468843460083,3.862468719482422,True,0.9996852874755859,False,True,True
-egA8-b7-3M$_$6,8,with,3.9624688625335693,4.0824689865112305,True,0.9998453855514526,False,True,True
-egA8-b7-3M$_$6,9,other,4.2624688148498535,4.46246862411499,True,0.9488866925239563,False,True,True
-egA8-b7-3M$_$6,10,legal,4.602468967437744,4.8824687004089355,True,0.9656014442443848,False,True,True
-egA8-b7-3M$_$6,11,vendors,4.96246862411499,5.3824687004089355,True,0.10321695357561111,False,True,True
-egA8-b7-3M$_$9,0,Secondly,0.5624687671661377,1.042468786239624,True,0.9825440049171448,False,True,True
-egA8-b7-3M$_$9,1,another,1.262468695640564,1.6224687099456787,True,0.989913284778595,False,True,True
-egA8-b7-3M$_$9,2,goal,1.6824687719345093,1.8824687004089355,True,0.989048182964325,False,True,True
-egA8-b7-3M$_$9,3,of,1.9624687433242798,2.0024688243865967,True,0.9983413815498352,False,True,True
-egA8-b7-3M$_$9,4,exhibiting,2.102468729019165,2.5824687480926514,True,0.986624002456665,False,True,True
-egA8-b7-3M$_$9,5,is,2.74246883392334,2.802468776702881,True,0.9989696741104126,False,True,True
-egA8-b7-3M$_$9,6,building,2.902468681335449,3.282468795776367,True,0.9869561791419983,False,True,True
-egA8-b7-3M$_$9,7,your,3.3224687576293945,3.4624688625335693,True,0.9996671080589294,False,True,True
-egA8-b7-3M$_$9,8,company,3.5224688053131104,3.902468681335449,True,0.9998126029968262,False,True,True
-egA8-b7-3M$_$9,9,image,4.042468547821045,4.302468776702881,True,0.9999892115592957,False,True,True
-egA8-b7-3M$_$20,0,Now,0.5824687480926514,0.702468752861023,True,0.9996966123580933,False,True,True
-egA8-b7-3M$_$20,1,you've,0.7624687552452087,0.9424687623977661,True,0.9929395318031311,False,True,True
-egA8-b7-3M$_$20,2,got,0.9824687242507935,1.1424686908721924,True,0.9397741556167603,False,True,True
-egA8-b7-3M$_$20,3,a,1.202468752861023,1.2224687337875366,True,0.9968879222869873,False,True,True
-egA8-b7-3M$_$20,4,face,1.3024687767028809,1.5824687480926514,True,0.9984862804412842,False,True,True
-egA8-b7-3M$_$20,5,that,1.6424686908721924,1.762468695640564,True,0.9770991206169128,False,True,True
-egA8-b7-3M$_$20,6,you,1.8024687767028809,1.8824687004089355,True,0.9972215294837952,False,True,True
-egA8-b7-3M$_$20,7,can,1.9624687433242798,2.0624687671661377,True,0.9995015859603882,False,True,True
-egA8-b7-3M$_$20,8,connect,2.1424686908721924,2.4624688625335693,True,0.9996957182884216,False,True,True
-egA8-b7-3M$_$20,9,with,2.5624687671661377,2.7024686336517334,True,0.9187906384468079,False,True,True
-egA8-b7-3M$_$20,10,a,2.782468795776367,2.802468776702881,True,0.9964003562927246,False,True,True
-egA8-b7-3M$_$20,11,voice,2.8824687004089355,3.24246883392334,True,0.9996849894523621,False,True,True
-egA8-b7-3M$_$20,12,and,3.9424686431884766,4.042468547821045,True,0.9497308135032654,False,True,True
-egA8-b7-3M$_$20,13,that,4.0824689865112305,4.24246883392334,True,0.896577775478363,False,True,True
-egA8-b7-3M$_$20,14,makes,4.302468776702881,4.502468585968018,True,0.9948031306266785,False,True,True
-egA8-b7-3M$_$20,15,you,4.542468547821045,4.6424689292907715,True,0.9999278783798218,False,True,True
-egA8-b7-3M$_$20,16,closer,4.722468852996826,5.102468967437744,True,0.9468175768852234,False,True,True
-egA8-b7-3M$_$20,17,to,5.2024688720703125,5.302468776702881,True,0.9992988109588623,False,True,True
-egA8-b7-3M$_$20,18,that,5.362468719482422,5.522468566894531,True,0.7191088795661926,False,True,True
-egA8-b7-3M$_$20,19,client,5.5824689865112305,5.942468643188477,True,0.9197825193405151,False,True,True
-iRBcNs9oI8$_$3,0,Well,0.902468740940094,1.042468786239624,True,0.003585504600778222,True,True,False
-iRBcNs9oI8$_$3,1,it,1.2224687337875366,1.262468695640564,True,2.6594825612846762e-05,True,True,False
-iRBcNs9oI8$_$3,2,is,1.9824687242507935,2.0224688053131104,True,8.449440792901441e-05,True,True,False
-iRBcNs9oI8$_$3,3,the,2.282468795776367,2.422468662261963,True,0.0523015558719635,True,True,False
-iRBcNs9oI8$_$3,4,secret,3.3224687576293945,3.6224687099456787,True,0.0027916759718209505,True,True,False
-iRBcNs9oI8$_$3,5,of,3.842468738555908,3.982468843460083,True,0.9601943492889404,False,True,False
-iRBcNs9oI8$_$3,6,power,4.402468681335449,4.942468643188477,True,0.0038784302305430174,True,True,False
-iRBcNs9oI8$_$3,7,pose,5.102468967437744,5.442468643188477,True,0.00011460539826657623,True,True,False
-iRBcNs9oI8$_$7,0,Well,0.04246874898672104,0.22246874868869781,True,6.130975089035928e-05,True,True,False
-iRBcNs9oI8$_$7,1,for,0.2824687361717224,0.36246874928474426,True,5.642204996547662e-06,True,True,False
-iRBcNs9oI8$_$7,2,starters,0.42246875166893005,1.5824687480926514,True,0.0028436656575649977,True,True,False
-iRBcNs9oI8$_$7,3,let's,1.6224687099456787,1.9424687623977661,True,1.451176740374649e-05,True,True,False
-iRBcNs9oI8$_$7,4,look,2.402468681335449,2.5624687671661377,True,6.57883674648474e-07,True,True,False
-iRBcNs9oI8$_$7,5,at,2.6224687099456787,2.7624688148498535,True,0.0005831988528370857,True,True,False
-iRBcNs9oI8$_$7,6,the,2.902468681335449,3.0024688243865967,True,0.01121054869145155,True,True,False
-iRBcNs9oI8$_$7,7,word,3.162468671798706,3.302468776702881,True,1.4318933608592488e-05,True,True,False
-iRBcNs9oI8$_$7,8,power,3.602468729019165,4.042468547821045,True,0.0055793896317481995,True,True,False
-iRBcNs9oI8$_$6,0,What,0.3424687385559082,0.7624687552452087,True,0.002224359195679426,True,True,False
-iRBcNs9oI8$_$6,1,is,1.1624687910079956,1.2224687337875366,True,0.9974645972251892,False,True,False
-iRBcNs9oI8$_$6,2,a,1.6224687099456787,1.6424686908721924,True,1.869991683633998e-05,True,True,False
-iRBcNs9oI8$_$6,3,power,2.0624687671661377,2.302468776702881,True,7.428753451677039e-05,True,True,False
-iRBcNs9oI8$_$6,4,pose,2.542468786239624,2.6224687099456787,True,3.8673697417834774e-05,True,True,False
-iRBcNs9oI8$_$9,0,Power,0.002468750113621354,0.2824687361717224,True,0.00010482847574166954,True,True,False
-iRBcNs9oI8$_$9,1,is,0.30246874690055847,0.3424687385559082,True,5.1114468078594655e-05,True,True,False
-iRBcNs9oI8$_$9,2,similar,1.3024687767028809,1.6624687910079956,True,1.2584726391651202e-05,True,True,False
-iRBcNs9oI8$_$9,3,to,2.042468786239624,2.282468795776367,True,0.0009166993550024927,True,True,False
-iRBcNs9oI8$_$9,4,strength,2.422468662261963,2.602468729019165,True,0.00016809490625746548,True,True,False
-iRBcNs9oI8$_$8,0,I've,0.002468750113621354,0.20246875286102295,True,0.0013469553086906672,True,True,False
-iRBcNs9oI8$_$8,1,drawn,0.32246875762939453,0.702468752861023,True,2.9088309020153247e-05,True,True,False
-iRBcNs9oI8$_$8,2,this,0.9624687433242798,1.2824687957763672,True,0.0015009455382823944,True,True,False
-iRBcNs9oI8$_$8,3,man,1.9024688005447388,2.042468786239624,True,0.0018125048372894526,True,True,False
-iRBcNs9oI8$_$8,4,here,2.1824686527252197,2.3824687004089355,True,6.960322934901342e-05,True,True,False
-iRBcNs9oI8$_$8,5,and,2.5624687671661377,2.6424686908721924,True,3.525766442180611e-05,True,True,False
-iRBcNs9oI8$_$8,6,if,2.74246883392334,2.802468776702881,True,2.9850652936147526e-05,True,True,False
-iRBcNs9oI8$_$8,7,you,3.9624688625335693,4.062468528747559,True,4.952525705448352e-05,True,True,False
-iRBcNs9oI8$_$8,8,can,4.102468967437744,4.2024688720703125,True,0.00010431796545162797,True,True,False
-iRBcNs9oI8$_$8,9,tell,4.222468852996826,4.342468738555908,True,1.9265116861788556e-06,True,True,False
-iRBcNs9oI8$_$8,10,he,4.402468681335449,4.46246862411499,True,0.998406171798706,False,True,False
-iRBcNs9oI8$_$8,11,has,4.522468566894531,4.802468776702881,True,2.151207127099042e-06,True,True,False
-iRBcNs9oI8$_$8,12,a,4.942468643188477,4.96246862411499,True,0.35503244400024414,False,True,False
-iRBcNs9oI8$_$8,13,lot,5.102468967437744,5.302468776702881,True,5.631953172269277e-06,True,True,False
-iRBcNs9oI8$_$8,14,of,5.442468643188477,5.482468605041504,True,0.0009613833390176296,True,True,False
-iRBcNs9oI8$_$8,15,big,5.682468891143799,5.8824687004089355,True,5.593523746938445e-05,True,True,False
-iRBcNs9oI8$_$8,16,muscles,5.96246862411499,6.74246883392334,True,9.984708412957843e-06,True,True,False
-iRBcNs9oI8$_$8,17,he,7.2024688720703125,7.24246883392334,True,5.212473865867651e-07,True,True,False
-iRBcNs9oI8$_$8,18,looks,7.282468795776367,7.402468681335449,True,1.563702244311571e-05,True,True,False
-iRBcNs9oI8$_$8,19,very,7.542468547821045,7.662468910217285,True,5.229702219367027e-05,True,True,False
-iRBcNs9oI8$_$8,20,strong,7.7024688720703125,8.08246898651123,True,0.0003087875375058502,True,True,False
-lzEya4AM_4$_$5,0,If,0.5224687457084656,0.5824687480926514,True,0.9039040803909302,False,True,True
-lzEya4AM_4$_$5,1,it,0.6624687314033508,0.702468752861023,True,0.9989035129547119,False,True,True
-lzEya4AM_4$_$5,2,falls,0.7624687552452087,1.0024687051773071,True,0.9761613011360168,False,True,True
-lzEya4AM_4$_$5,3,into,1.0824687480926514,1.262468695640564,True,0.9941722750663757,False,True,True
-lzEya4AM_4$_$5,4,oh,1.3624687194824219,1.4424687623977661,True,0.029497722163796425,True,True,True
-lzEya4AM_4$_$5,5,any,1.6424686908721924,1.7424687147140503,True,0.9791337847709656,False,True,True
-lzEya4AM_4$_$5,6,of,1.8024687767028809,1.8424687385559082,True,0.9976537227630615,False,True,True
-lzEya4AM_4$_$5,7,those,1.9024688005447388,2.0624687671661377,True,0.998242199420929,False,True,True
-lzEya4AM_4$_$5,8,three,2.1224687099456787,2.282468795776367,True,0.9972506165504456,False,True,True
-lzEya4AM_4$_$5,9,categories,2.3224687576293945,2.8824687004089355,True,0.9855324625968933,False,True,True
-lzEya4AM_4$_$5,10,inducing,3.6424686908721924,4.2024688720703125,True,0.9935920834541321,False,True,True
-lzEya4AM_4$_$5,11,nausea,5.062468528747559,5.3824687004089355,True,0.15437531471252441,False,True,True
-lzEya4AM_4$_$5,12,and,5.46246862411499,5.542468547821045,True,0.9983305931091309,False,True,True
-lzEya4AM_4$_$5,13,vomiting,5.602468967437744,6.002468585968018,True,0.9207640290260315,False,True,True
-lzEya4AM_4$_$5,14,would,6.24246883392334,6.3824687004089355,True,0.9863502979278564,False,True,True
-lzEya4AM_4$_$5,15,be,6.402468681335449,6.46246862411499,True,0.9981522560119629,False,True,True
-lzEya4AM_4$_$5,16,your,6.502468585968018,6.622468948364258,True,0.8907482624053955,False,True,True
-lzEya4AM_4$_$5,17,next,6.6424689292907715,6.802468776702881,True,0.9768985509872437,False,True,True
-lzEya4AM_4$_$5,18,step,6.8224687576293945,7.042468547821045,True,0.1444586217403412,False,True,True
-lzEya4AM_4$_$6,0,If,0.602468729019165,0.6424687504768372,True,0.9997048377990723,False,True,True
-lzEya4AM_4$_$6,1,the,0.7424687743186951,0.8024687767028809,True,0.9928057789802551,False,True,True
-lzEya4AM_4$_$6,2,product,0.8624687790870667,1.2424687147140503,True,0.9995676875114441,False,True,True
-lzEya4AM_4$_$6,3,or,1.5824687480926514,1.6224687099456787,True,0.9996562600135803,False,True,True
-lzEya4AM_4$_$6,4,poison,1.7224687337875366,2.102468729019165,True,0.9636150598526001,False,True,True
-lzEya4AM_4$_$6,5,is,2.2024686336517334,2.24246883392334,True,0.46844905614852905,False,True,True
-lzEya4AM_4$_$6,6,some,2.282468795776367,2.4424686431884766,True,0.9026626348495483,False,True,True
-lzEya4AM_4$_$6,7,type,2.4624688625335693,2.6824686527252197,True,0.885742723941803,False,True,True
-lzEya4AM_4$_$6,8,of,2.74246883392334,2.782468795776367,True,0.9980060458183289,False,True,True
-lzEya4AM_4$_$6,9,petroleum,2.8824687004089355,3.362468719482422,True,0.759693443775177,False,True,True
-lzEya4AM_4$_$6,10,product,3.4424686431884766,3.782468795776367,True,0.9682474136352539,False,True,True
-lzEya4AM_4$_$6,11,or,4.222468852996826,4.282468795776367,True,0.8472863435745239,False,True,True
-lzEya4AM_4$_$6,12,corrosive,4.362468719482422,4.802468776702881,True,0.9592483043670654,False,True,True
-lzEya4AM_4$_$6,13,product,4.862468719482422,5.222468852996826,True,0.9422335028648376,False,True,True
-lzEya4AM_4$_$6,14,you,5.802468776702881,5.8824687004089355,True,0.9991344213485718,False,True,True
-lzEya4AM_4$_$6,15,would,5.922468662261963,6.0824689865112305,True,0.9493898153305054,False,True,True
-lzEya4AM_4$_$6,16,not,6.122468948364258,6.282468795776367,True,0.9139605164527893,False,True,True
-lzEya4AM_4$_$6,17,attempt,6.46246862411499,6.782468795776367,True,0.9632695317268372,False,True,True
-lzEya4AM_4$_$6,18,to,7.182468891143799,7.282468795776367,True,0.8929620385169983,False,True,True
-lzEya4AM_4$_$6,19,induce,7.622468948364258,7.922468662261963,True,0.997421145439148,False,True,True
-lzEya4AM_4$_$6,20,vomiting,8.002469062805176,8.382469177246094,True,0.845075249671936,False,True,True
-lzEya4AM_4$_$6,21,and,8.602468490600586,8.68246841430664,True,0.877835750579834,False,True,True
-lzEya4AM_4$_$6,22,nausea,8.722468376159668,9.08246898651123,True,0.9429141283035278,False,True,True
-lzEya4AM_4$_$6,23,as,9.642468452453613,9.702468872070312,True,0.9978240728378296,False,True,True
-lzEya4AM_4$_$6,24,as,9.762468338012695,9.802468299865723,True,0.002506230492144823,True,True,True
-lzEya4AM_4$_$6,25,the,9.882469177246094,9.942468643188477,True,0.9904045462608337,False,True,True
-lzEya4AM_4$_$6,26,product,9.982468605041504,10.302468299865723,True,0.9950777292251587,False,True,True
-lzEya4AM_4$_$6,27,burned,10.422469139099121,10.68246841430664,True,0.9776505827903748,False,True,True
-lzEya4AM_4$_$6,28,on,10.762468338012695,10.802468299865723,True,0.9992175102233887,False,True,True
-lzEya4AM_4$_$6,29,the,10.862468719482422,10.922469139099121,True,0.9813284277915955,False,True,True
-lzEya4AM_4$_$6,30,way,10.962469100952148,11.08246898651123,True,0.9961808919906616,False,True,True
-lzEya4AM_4$_$6,31,down,11.142468452453613,11.382469177246094,True,0.9999622702598572,False,True,True
-lzEya4AM_4$_$6,32,it,11.802468299865723,11.842469215393066,True,0.9989494681358337,False,True,True
-lzEya4AM_4$_$6,33,could,11.882469177246094,12.022468566894531,True,0.9986869096755981,False,True,True
-lzEya4AM_4$_$6,34,cause,12.042469024658203,12.282468795776367,True,0.9987638592720032,False,True,True
-lzEya4AM_4$_$6,35,damage,12.342469215393066,12.702468872070312,True,0.9905946850776672,False,True,True
-lzEya4AM_4$_$6,36,and,12.782468795776367,12.842469215393066,True,0.9667408466339111,False,True,True
-lzEya4AM_4$_$6,37,burning,12.882469177246094,13.202468872070312,True,0.9905382990837097,False,True,True
-lzEya4AM_4$_$6,38,on,13.462469100952148,13.502469062805176,True,0.9985248446464539,False,True,True
-lzEya4AM_4$_$6,39,the,13.562468528747559,13.622468948364258,True,0.9890081882476807,False,True,True
-lzEya4AM_4$_$6,40,way,13.662468910217285,13.762468338012695,True,0.895710825920105,False,True,True
-lzEya4AM_4$_$6,41,back,13.822468757629395,13.982468605041504,True,0.9999287128448486,False,True,True
-lzEya4AM_4$_$6,42,up,14.122468948364258,14.18246841430664,True,0.9993444085121155,False,True,True
-mJ2ud6oKI8$_$1,0,There,0.002468750113621354,0.2824687361717224,True,0.01920909993350506,True,True,False
-mJ2ud6oKI8$_$1,1,are,0.30246874690055847,0.36246874928474426,True,0.02231685444712639,True,True,False
-mJ2ud6oKI8$_$1,2,a,0.3824687600135803,0.402468740940094,True,0.036563724279403687,True,True,False
-mJ2ud6oKI8$_$1,3,dozen,0.42246875166893005,0.6224687695503235,True,0.002915265504270792,True,True,False
-mJ2ud6oKI8$_$1,4,or,0.6824687719345093,0.7224687337875366,True,0.013215688057243824,True,True,False
-mJ2ud6oKI8$_$1,5,more,0.7424687743186951,0.8224687576293945,True,0.00881272368133068,True,True,False
-mJ2ud6oKI8$_$1,6,hands,0.8424687385559082,5.442468643188477,True,0.0080005107447505,True,True,False
-mJ2ud6oKI8$_$1,7,on,5.46246862411499,5.502468585968018,True,0.004263137932866812,True,True,False
-mJ2ud6oKI8$_$1,8,techniques,5.522468566894531,5.722468852996826,True,0.007924015633761883,True,True,False
-mJ2ud6oKI8$_$1,9,that,5.74246883392334,5.8224687576293945,True,0.022686943411827087,True,True,False
-mJ2ud6oKI8$_$1,10,we,5.842468738555908,5.902468681335449,True,0.004286470822989941,True,True,False
-mJ2ud6oKI8$_$1,11,can,5.96246862411499,6.022468566894531,True,0.00478116562590003,True,True,False
-mJ2ud6oKI8$_$1,12,do,6.042468547821045,6.0824689865112305,True,0.007963844574987888,True,True,False
-mJ2ud6oKI8$_$2,0,So,0.002468750113621354,0.0624687485396862,True,0.02557084895670414,True,True,False
-mJ2ud6oKI8$_$2,1,physical,0.08246874809265137,0.402468740940094,True,0.009912938810884953,True,True,False
-mJ2ud6oKI8$_$2,2,therapists,0.4424687623977661,2.542468786239624,True,0.019964544102549553,True,True,False
-mJ2ud6oKI8$_$2,3,and,3.162468671798706,3.222468852996826,True,0.005092397797852755,True,True,False
-mJ2ud6oKI8$_$2,4,chiropractors,3.842468738555908,4.722468852996826,True,0.011846674606204033,True,True,False
-mJ2ud6oKI8$_$2,5,will,4.7624688148498535,4.862468719482422,True,0.002839511027559638,True,True,False
-mJ2ud6oKI8$_$2,6,do,4.8824687004089355,4.922468662261963,True,0.00805445946753025,True,True,False
-mJ2ud6oKI8$_$2,7,joint,4.942468643188477,5.042468547821045,True,0.005247282795608044,True,True,False
-mJ2ud6oKI8$_$2,8,manipulations,5.062468528747559,5.3224687576293945,True,0.008785145357251167,True,True,False
-mJ2ud6oKI8$_$2,9,and,5.342468738555908,5.402468681335449,True,0.0051186224445700645,True,True,False
-mJ2ud6oKI8$_$2,10,mobilizations,5.422468662261963,5.7024688720703125,True,0.007208030670881271,True,True,False
-mJ2ud6oKI8$_$6,0,They,0.022468749433755875,0.4424687623977661,True,0.055089566856622696,True,True,True
-mJ2ud6oKI8$_$6,1,are,0.5824687480926514,0.702468752861023,True,0.0001857159222709015,True,True,True
-mJ2ud6oKI8$_$6,2,all,0.8424687385559082,0.9424687623977661,True,0.0015522059984505177,True,True,True
-mJ2ud6oKI8$_$6,3,very,1.3624687194824219,2.0024688243865967,True,0.006979563273489475,True,True,True
-mJ2ud6oKI8$_$6,4,safe,2.0224688053131104,2.162468671798706,True,0.0009665729012340307,True,True,True
-mJ2ud6oKI8$_$9,0,It's,0.0624687485396862,0.2824687361717224,True,0.002546333707869053,True,True,True
-mJ2ud6oKI8$_$9,1,safe,0.402468740940094,0.5224687457084656,True,0.00021442801516968757,True,True,True
-mJ2ud6oKI8$_$9,2,and,0.602468729019165,0.702468752861023,True,0.02104290761053562,True,True,True
-mJ2ud6oKI8$_$9,3,the,0.8424687385559082,0.9224687218666077,True,5.662748662871309e-06,True,True,True
-mJ2ud6oKI8$_$9,4,person,1.0624687671661377,1.4024688005447388,True,0.000872907810844481,True,True,True
-mJ2ud6oKI8$_$9,5,will,1.4624687433242798,1.5824687480926514,True,0.00014577468391507864,True,True,True
-mJ2ud6oKI8$_$9,6,feel,1.7424687147140503,1.8624687194824219,True,0.0005672099650837481,True,True,True
-mJ2ud6oKI8$_$9,7,better,1.9824687242507935,2.2624688148498535,True,0.035521481186151505,True,True,True
-mJ2ud6oKI8$_$9,8,later,2.302468776702881,2.482468843460083,True,0.015772731974720955,True,True,True
-mJ2ud6oKI8$_$9,9,on,2.6824686527252197,2.74246883392334,True,0.00015786100993864238,True,True,True
-mJ2ud6oKI8$_$9,10,but,2.922468662261963,3.0224688053131104,True,0.9917457699775696,False,True,True
-mJ2ud6oKI8$_$9,11,it's,3.0824687480926514,3.2624688148498535,True,0.0008618339197710156,True,True,True
-mJ2ud6oKI8$_$9,12,sort,3.302468776702881,3.402468681335449,True,0.0005251516122370958,True,True,True
-mJ2ud6oKI8$_$9,13,of,3.4424686431884766,3.5624687671661377,True,2.755377181529184e-06,True,True,True
-mJ2ud6oKI8$_$9,14,like,3.7024686336517334,3.842468738555908,True,0.00031960621709004045,True,True,True
-mJ2ud6oKI8$_$9,15,flossing,3.8824687004089355,4.282468795776367,True,2.5907404051395133e-05,True,True,True
-mJ2ud6oKI8$_$9,16,your,5.862468719482422,5.982468605041504,True,0.0546589158475399,True,True,True
-mJ2ud6oKI8$_$9,17,teeth,6.0824689865112305,6.24246883392334,True,0.0010336667764931917,True,True,True
-mJ2ud6oKI8$_$9,18,for,6.2624688148498535,6.362468719482422,True,0.0015314763877540827,True,True,True
-mJ2ud6oKI8$_$9,19,the,6.422468662261963,6.502468585968018,True,0.005823018494993448,True,True,True
-mJ2ud6oKI8$_$9,20,first,6.5824689865112305,6.74246883392334,True,0.0005395315238274634,True,True,True
-mJ2ud6oKI8$_$9,21,time,6.802468776702881,6.922468662261963,True,0.00045633967965841293,True,True,True
-mJ2ud6oKI8$_$8,0,Sometimes,0.7824687361717224,1.1424686908721924,True,0.0003187146794516593,True,True,True
-mJ2ud6oKI8$_$8,1,we,1.2224687337875366,1.3624687194824219,True,0.0001314076507696882,True,True,True
-mJ2ud6oKI8$_$8,2,have,1.4424687623977661,1.6224687099456787,True,0.004804031457751989,True,True,True
-mJ2ud6oKI8$_$8,3,to,1.6624687910079956,1.7824687957763672,True,0.0068551949225366116,True,True,True
-mJ2ud6oKI8$_$8,4,stretch,2.0224688053131104,2.342468738555908,True,0.002896516816690564,True,True,True
-mJ2ud6oKI8$_$8,5,that,2.3824687004089355,2.4624688625335693,True,0.007954453118145466,True,True,True
-mJ2ud6oKI8$_$8,6,joint,2.542468786239624,2.782468795776367,True,7.608980013174005e-06,True,True,True
-mJ2ud6oKI8$_$8,7,that,2.922468662261963,3.0624687671661377,True,0.001917483750730753,True,True,True
-mJ2ud6oKI8$_$8,8,is,3.222468852996826,3.2624688148498535,True,0.004968535155057907,True,True,True
-mJ2ud6oKI8$_$8,9,already,3.3824687004089355,3.74246883392334,True,0.010240540839731693,True,True,True
-mJ2ud6oKI8$_$8,10,irritated,3.7624688148498535,4.182468891143799,True,0.00209933053702116,True,True,True
-mqbVkbCndg$_$0,0,How,0.16246874630451202,0.3424687385559082,True,0.9954624176025391,False,True,True
-mqbVkbCndg$_$0,1,at,0.8824687600135803,0.9224687218666077,True,0.999237060546875,False,True,True
-mqbVkbCndg$_$0,2,a,0.9824687242507935,1.0024687051773071,True,0.9921287894248962,False,True,True
-mqbVkbCndg$_$0,3,particular,1.0624687671661377,1.5624687671661377,True,0.9931375980377197,False,True,True
-mqbVkbCndg$_$0,4,moment,1.6624687910079956,1.9824687242507935,True,0.9999175071716309,False,True,True
-mqbVkbCndg$_$0,5,in,2.0824687480926514,2.1424686908721924,True,0.9234755635261536,False,True,True
-mqbVkbCndg$_$0,6,time,2.24246883392334,2.5224688053131104,True,0.9999561905860901,False,True,True
-mqbVkbCndg$_$0,7,our,2.802468776702881,2.9424686431884766,True,0.9978967308998108,False,True,True
-mqbVkbCndg$_$0,8,moment,3.0624687671661377,3.402468681335449,True,0.9923422336578369,False,True,True
-mqbVkbCndg$_$0,9,in,3.5224688053131104,3.5624687671661377,True,0.9996114373207092,False,True,True
-mqbVkbCndg$_$0,10,time,3.6824686527252197,3.9624688625335693,True,0.9999592900276184,False,True,True
-mqbVkbCndg$_$0,11,are,4.542468547821045,4.622468948364258,True,0.9995709657669067,False,True,True
-mqbVkbCndg$_$0,12,they,4.7024688720703125,4.8824687004089355,True,0.9956205487251282,False,True,True
-mqbVkbCndg$_$0,13,limited,5.422468662261963,5.842468738555908,True,0.9439080357551575,False,True,True
-t217m2on-s$_$2,0,But,0.5224687457084656,0.702468752861023,True,0.026730606332421303,True,True,True
-t217m2on-s$_$2,1,a,1.3624687194824219,1.3824687004089355,True,0.9848242402076721,False,True,True
-t217m2on-s$_$2,2,good,1.4424687623977661,1.5824687480926514,True,0.9990471601486206,False,True,True
-t217m2on-s$_$2,3,thing,1.6224687099456787,1.7424687147140503,True,0.9922922253608704,False,True,True
-t217m2on-s$_$2,4,to,1.762468695640564,1.8224687576293945,True,0.710496187210083,False,True,True
-t217m2on-s$_$2,5,do,1.8624687194824219,1.9224687814712524,True,0.9589611887931824,False,True,True
-t217m2on-s$_$2,6,is,2.0024688243865967,2.0624687671661377,True,0.8672864437103271,False,True,True
-t217m2on-s$_$2,7,yawning,2.1224687099456787,2.5624687671661377,True,0.9218227863311768,False,True,True
-t217m2on-s$_$2,8,chewing,3.5824687480926514,3.902468681335449,True,0.9922579526901245,False,True,True
-t217m2on-s$_$2,9,gum,4.002468585968018,4.182468891143799,True,0.9564890265464783,False,True,True
-t217m2on-s$_$2,10,is,4.302468776702881,4.402468681335449,True,0.9806926250457764,False,True,True
-t217m2on-s$_$2,11,effective,4.482468605041504,5.062468528747559,True,0.49751153588294983,False,True,True
-t217m2on-s$_$7,0,If,0.5624687671661377,0.602468729019165,True,0.9998884201049805,False,True,True
-t217m2on-s$_$7,1,you,0.6424687504768372,0.7224687337875366,True,0.9044999480247498,False,True,True
-t217m2on-s$_$7,2,find,0.8424687385559082,1.0824687480926514,True,0.9943810701370239,False,True,True
-t217m2on-s$_$7,3,that,1.1424686908721924,1.2824687957763672,True,0.9282777309417725,False,True,True
-t217m2on-s$_$7,4,your,1.4024688005447388,1.542468786239624,True,0.9972339868545532,False,True,True
-t217m2on-s$_$7,5,ears,1.702468752861023,1.9624687433242798,True,0.9939687252044678,False,True,True
-t217m2on-s$_$7,6,consistently,3.282468795776367,4.002468585968018,True,0.9452438950538635,False,True,True
-t217m2on-s$_$7,7,do,4.282468795776367,4.402468681335449,True,0.9992791414260864,False,True,True
-t217m2on-s$_$7,8,this,4.482468605041504,4.662468910217285,True,0.9314059019088745,False,True,True
-t217m2on-s$_$7,9,and,4.782468795776367,4.862468719482422,True,0.9458330273628235,False,True,True
-t217m2on-s$_$7,10,you,4.902468681335449,4.96246862411499,True,0.9996717572212219,False,True,True
-t217m2on-s$_$7,11,can't,5.042468547821045,5.362468719482422,True,0.9807788133621216,False,True,True
-t217m2on-s$_$7,12,pop,5.562468528747559,5.8224687576293945,True,0.9844293594360352,False,True,True
-t217m2on-s$_$7,13,them,5.902468681335449,6.022468566894531,True,0.9440714120864868,False,True,True
-t217m2on-s$_$7,14,often,6.182468891143799,6.442468643188477,True,0.9642255902290344,False,True,True
-t217m2on-s$_$7,15,you'll,6.922468662261963,7.0824689865112305,True,0.9903495907783508,False,True,True
-t217m2on-s$_$7,16,definitely,7.102468967437744,7.482468605041504,True,0.9036309719085693,False,True,True
-t217m2on-s$_$7,17,need,7.782468795776367,7.922468662261963,True,0.8977193832397461,False,True,True
-t217m2on-s$_$7,18,to,7.96246862411499,8.002469062805176,True,0.9980642795562744,False,True,True
-t217m2on-s$_$7,19,see,8.062468528747559,8.202468872070312,True,0.9967932105064392,False,True,True
-t217m2on-s$_$7,20,a,8.24246883392334,8.262468338012695,True,0.9970270991325378,False,True,True
-t217m2on-s$_$7,21,physician,8.322468757629395,8.822468757629395,True,0.9913022518157959,False,True,True
-t217m2on-s$_$7,22,regarding,9.482468605041504,9.922469139099121,True,0.9468585848808289,False,True,True
-t217m2on-s$_$7,23,those,9.982468605041504,10.122468948364258,True,0.9998002052307129,False,True,True
-t217m2on-s$_$7,24,things,10.202468872070312,10.482468605041504,True,0.9898416996002197,False,True,True
-t217m2on-s$_$7,25,it,10.90246868133545,10.942468643188477,True,0.9993360638618469,False,True,True
-t217m2on-s$_$7,26,could,11.022468566894531,11.18246841430664,True,0.9998514652252197,False,True,True
-t217m2on-s$_$7,27,be,11.24246883392334,11.302468299865723,True,0.9999452233314514,False,True,True
-t217m2on-s$_$7,28,something,11.40246868133545,11.722468376159668,True,0.9752883911132812,False,True,True
-t217m2on-s$_$7,29,more,11.782468795776367,11.942468643188477,True,0.9685148000717163,False,True,True
-t217m2on-s$_$7,30,of,12.002469062805176,12.042469024658203,True,0.9937560558319092,False,True,True
-t217m2on-s$_$7,31,a,12.122468948364258,12.142468452453613,True,0.9853995442390442,False,True,True
-t217m2on-s$_$7,32,nasal,12.202468872070312,12.502469062805176,True,0.8833141326904297,False,True,True
-t217m2on-s$_$7,33,infection,12.58246898651123,13.122468948364258,True,0.9616885185241699,False,True,True
-t217m2on-s$_$7,34,or,13.342469215393066,13.40246868133545,True,0.9976904988288879,False,True,True
-t217m2on-s$_$7,35,a,13.482468605041504,13.502469062805176,True,0.984951376914978,False,True,True
-t217m2on-s$_$7,36,sinus,13.58246898651123,13.942468643188477,True,0.8751694560050964,False,True,True
-t217m2on-s$_$7,37,infection,14.022468566894531,14.542469024658203,True,0.9625752568244934,False,True,True
-t217m2on-s$_$7,38,that,15.142468452453613,15.282468795776367,True,0.9772120714187622,False,True,True
-t217m2on-s$_$7,39,he,15.382469177246094,15.462469100952148,True,0.999869167804718,False,True,True
-t217m2on-s$_$7,40,would,15.562468528747559,15.762468338012695,True,0.981363832950592,False,True,True
-t217m2on-s$_$7,41,need,15.802468299865723,15.942468643188477,True,0.890575647354126,False,True,True
-t217m2on-s$_$7,42,to,16.00246810913086,16.042469024658203,True,0.961790144443512,False,True,True
-t217m2on-s$_$7,43,deal,16.102468490600586,16.262468338012695,True,0.9998994469642639,False,True,True
-t217m2on-s$_$7,44,with,16.34246826171875,16.48246955871582,True,0.9997239112854004,False,True,True
-tANM6ETl_M$_$3,0,The,0.5424687266349792,0.6224687695503235,True,0.9996629357337952,False,True,True
-tANM6ETl_M$_$3,1,first,0.702468752861023,0.9224687218666077,True,0.9850476980209351,False,True,True
-tANM6ETl_M$_$3,2,place,1.0024687051773071,1.2824687957763672,True,0.9619596004486084,False,True,True
-tANM6ETl_M$_$3,3,is,1.3824687004089355,1.4424687623977661,True,0.9982846975326538,False,True,True
-tANM6ETl_M$_$3,4,either,1.542468786239624,1.7424687147140503,True,0.9992634057998657,False,True,True
-tANM6ETl_M$_$3,5,you,1.8624687194824219,1.9424687623977661,True,0.9998834133148193,False,True,True
-tANM6ETl_M$_$3,6,have,2.042468786239624,2.2024686336517334,True,0.97064208984375,False,True,True
-tANM6ETl_M$_$3,7,a,2.282468795776367,2.302468776702881,True,0.9981118440628052,False,True,True
-tANM6ETl_M$_$3,8,prospect,2.3824687004089355,2.902468681335449,True,0.9883331060409546,False,True,True
-tANM6ETl_M$_$3,9,or,2.9424686431884766,3.0024688243865967,True,0.9331562519073486,False,True,True
-tANM6ETl_M$_$3,10,a,3.0624687671661377,3.0824687480926514,True,0.9892409443855286,False,True,True
-tANM6ETl_M$_$3,11,customer,3.1424686908721924,3.5024688243865967,True,0.9482104778289795,False,True,True
-tANM6ETl_M$_$3,12,who's,3.5624687671661377,3.6824686527252197,True,0.16647274792194366,False,True,True
-tANM6ETl_M$_$3,13,never,3.8824687004089355,4.162468910217285,True,0.9578942060470581,False,True,True
-tANM6ETl_M$_$3,14,done,4.282468795776367,4.46246862411499,True,0.9656186699867249,False,True,True
-tANM6ETl_M$_$3,15,it,4.522468566894531,4.562468528747559,True,0.9988383054733276,False,True,True
-tANM6ETl_M$_$3,16,before,4.662468910217285,5.042468547821045,True,0.9993937015533447,False,True,True
-tANM6ETl_M$_$3,17,or,5.062468528747559,5.102468967437744,True,1.4598691450373735e-05,True,True,True
-tANM6ETl_M$_$3,18,they've,5.122468948364258,5.3224687576293945,True,0.9581674933433533,False,True,True
-tANM6ETl_M$_$3,19,never,5.422468662261963,5.6424689292907715,True,0.9836167097091675,False,True,True
-tANM6ETl_M$_$3,20,tried,5.722468852996826,5.96246862411499,True,0.998955488204956,False,True,True
-tANM6ETl_M$_$3,21,it,6.062468528747559,6.102468967437744,True,0.8601691722869873,False,True,True
-tPCytz4rww$_$11,0,Make,0.5024687647819519,0.6424687504768372,True,0.6175509095191956,False,True,True
-tPCytz4rww$_$11,1,sure,0.702468752861023,0.8624687790870667,True,0.9465237855911255,False,True,True
-tPCytz4rww$_$11,2,that,0.902468740940094,1.0024687051773071,True,0.9993665814399719,False,True,True
-tPCytz4rww$_$11,3,your,1.042468786239624,1.1824687719345093,True,0.9962570071220398,False,True,True
-tPCytz4rww$_$11,4,using,1.3024687767028809,1.5224688053131104,True,0.9690585732460022,False,True,True
-tPCytz4rww$_$11,5,comps,1.5624687671661377,1.8824687004089355,True,0.9285517334938049,False,True,True
-tPCytz4rww$_$11,6,that,1.9224687814712524,2.0224688053131104,True,0.9940550327301025,False,True,True
-tPCytz4rww$_$11,7,are,2.102468729019165,2.1824686527252197,True,0.9710058569908142,False,True,True
-tPCytz4rww$_$11,8,not,2.2024686336517334,2.3224687576293945,True,0.04283342882990837,True,True,True
-tPCytz4rww$_$11,9,larger,2.402468681335449,2.782468795776367,True,0.9781128168106079,False,True,True
-tPCytz4rww$_$11,10,no,3.222468852996826,3.3224687576293945,True,0.9375698566436768,False,True,True
-tPCytz4rww$_$11,11,larger,3.3824687004089355,3.6824686527252197,True,0.9929201006889343,False,True,True
-tPCytz4rww$_$11,12,than,3.74246883392334,3.862468719482422,True,0.9717637896537781,False,True,True
-tPCytz4rww$_$11,13,twelve,3.9424686431884766,4.162468910217285,True,0.89509117603302,False,True,True
-tPCytz4rww$_$11,14,hundred,4.182468891143799,4.3824687004089355,True,0.9926175475120544,False,True,True
-tPCytz4rww$_$11,15,square,4.422468662261963,4.622468948364258,True,0.9745025634765625,False,True,True
-tPCytz4rww$_$11,16,feet,4.662468910217285,5.3224687576293945,True,0.04980491101741791,True,True,True
-tPCytz4rww$_$10,0,Say,0.602468729019165,0.7224687337875366,True,0.9994302988052368,False,True,True
-tPCytz4rww$_$10,1,twenty,0.8024687767028809,1.0224688053131104,True,0.999662458896637,False,True,True
-tPCytz4rww$_$10,2,percent,1.0824687480926514,1.4424687623977661,True,0.9514278173446655,False,True,True
-tPCytz4rww$_$10,3,so,1.5824687480926514,1.7224687337875366,True,0.999894380569458,False,True,True
-tPCytz4rww$_$10,4,if,1.9424687623977661,1.9824687242507935,True,0.9996055364608765,False,True,True
-tPCytz4rww$_$10,5,you've,2.042468786239624,2.2024686336517334,True,0.9526143670082092,False,True,True
-tPCytz4rww$_$10,6,got,2.24246883392334,2.3224687576293945,True,0.7494924664497375,False,True,True
-tPCytz4rww$_$10,7,a,2.3824687004089355,2.402468681335449,True,0.9914748668670654,False,True,True
-tPCytz4rww$_$10,8,thousand,2.4624688625335693,2.782468795776367,True,0.9992492198944092,False,True,True
-tPCytz4rww$_$10,9,square,2.802468776702881,3.042468786239624,True,0.987727165222168,False,True,True
-tPCytz4rww$_$10,10,foot,3.102468729019165,3.282468795776367,True,0.9837464690208435,False,True,True
-tPCytz4rww$_$10,11,condo,3.6824686527252197,4.022468566894531,True,0.9696512222290039,False,True,True
-tPCytz4rww$_$12,0,No,0.5424687266349792,0.6224687695503235,True,0.9991978406906128,False,True,True
-tPCytz4rww$_$12,1,less,0.702468752861023,0.8824687600135803,True,0.9587919116020203,False,True,True
-tPCytz4rww$_$12,2,than,0.9424687623977661,1.0624687671661377,True,0.9996452927589417,False,True,True
-tPCytz4rww$_$12,3,eight,1.3424687385559082,1.5024687051773071,True,0.9286040663719177,False,True,True
-tPCytz4rww$_$12,4,hundred,1.542468786239624,1.7424687147140503,True,0.934570848941803,False,True,True
-tPCytz4rww$_$12,5,squire,1.7824687957763672,2.0024688243865967,True,0.2002781182527542,False,True,True
-tPCytz4rww$_$12,6,feet,2.042468786239624,2.222468852996826,True,0.9831374883651733,False,True,True
-tPCytz4rww$_$12,7,and,2.602468729019165,2.662468671798706,True,0.4553929567337036,False,True,True
-tPCytz4rww$_$12,8,going,2.6824686527252197,2.802468776702881,True,0.01129843108355999,True,True,True
-tPCytz4rww$_$12,9,to,2.8224687576293945,2.8824687004089355,True,0.0016843518242239952,True,True,True
-tPCytz4rww$_$12,10,similar,2.982468843460083,3.3824687004089355,True,0.9911804795265198,False,True,True
-tPCytz4rww$_$12,11,in,3.6224687099456787,3.662468671798706,True,0.9637783169746399,False,True,True
-tPCytz4rww$_$12,12,similar,4.942468643188477,5.3224687576293945,True,0.9649824500083923,False,True,True
-tPCytz4rww$_$12,13,with,5.5824689865112305,5.74246883392334,True,0.9996102452278137,False,True,True
-tPCytz4rww$_$12,14,bedrooms,5.922468662261963,6.2624688148498535,True,0.9677373170852661,False,True,True
-tPCytz4rww$_$12,15,and,6.302468776702881,6.362468719482422,True,0.8891443610191345,False,True,True
-tPCytz4rww$_$12,16,bathrooms,6.422468662261963,6.8824687004089355,True,0.9976211786270142,False,True,True
-tPCytz4rww$_$12,17,as,6.96246862411499,7.002468585968018,True,0.998033881187439,False,True,True
-tPCytz4rww$_$12,18,well,7.0824689865112305,7.282468795776367,True,0.9979572296142578,False,True,True
-tPCytz4rww$_$12,19,and,7.8824687004089355,8.022468566894531,True,0.9960633516311646,False,True,True
-tPCytz4rww$_$12,20,hopefully,8.40246868133545,8.762468338012695,True,0.958526611328125,False,True,True
-tPCytz4rww$_$12,21,the,9.122468948364258,9.222468376159668,True,0.9926580190658569,False,True,True
-tPCytz4rww$_$12,22,complexes,9.40246868133545,9.882469177246094,True,0.9460821151733398,False,True,True
-tPCytz4rww$_$12,23,have,9.942468643188477,10.062468528747559,True,0.9991760849952698,False,True,True
-tPCytz4rww$_$12,24,similar,10.162468910217285,10.502469062805176,True,0.948147177696228,False,True,True
-tPCytz4rww$_$12,25,amenities,10.622468948364258,11.122468948364258,True,0.9759563207626343,False,True,True
-tPCytz4rww$_$16,0,So,0.5824687480926514,0.7224687337875366,True,0.9994994401931763,False,True,True
-tPCytz4rww$_$16,1,make,0.9624687433242798,1.102468729019165,True,0.9991931915283203,False,True,True
-tPCytz4rww$_$16,2,sure,1.1824687719345093,1.3624687194824219,True,0.997630774974823,False,True,True
-tPCytz4rww$_$16,3,to,1.4824687242507935,1.6624687910079956,True,0.9998664259910583,False,True,True
-tPCytz4rww$_$16,4,get,1.9224687814712524,2.042468786239624,True,0.9980031847953796,False,True,True
-tPCytz4rww$_$16,5,a,2.102468729019165,2.1224687099456787,True,0.9866055846214294,False,True,True
-tPCytz4rww$_$16,6,through,2.1824686527252197,2.5024688243865967,True,0.9812077283859253,False,True,True
-tPCytz4rww$_$16,7,or,3.1424686908721924,3.222468852996826,True,0.020264901220798492,True,True,True
-tPCytz4rww$_$16,8,to,4.2624688148498535,4.342468738555908,True,0.9831082820892334,False,True,True
-tPCytz4rww$_$16,9,do,4.422468662261963,4.522468566894531,True,0.9955095052719116,False,True,True
-tPCytz4rww$_$16,10,a,4.662468910217285,4.682468891143799,True,0.8949152231216431,False,True,True
-tPCytz4rww$_$16,11,through,4.802468776702881,5.102468967437744,True,0.9812705516815186,False,True,True
-tPCytz4rww$_$16,12,cleaning,5.182468891143799,5.542468547821045,True,0.9627699255943298,False,True,True
-tPCytz4rww$_$16,13,of,5.842468738555908,5.8824687004089355,True,0.9988806843757629,False,True,True
-tPCytz4rww$_$16,14,the,6.022468566894531,6.0824689865112305,True,0.981011688709259,False,True,True
-tPCytz4rww$_$16,15,property,6.1424689292907715,6.5824689865112305,True,0.40489646792411804,False,True,True
-tPCytz4rww$_$18,0,Do,0.5424687266349792,0.6424687504768372,True,0.9990021586418152,False,True,True
-tPCytz4rww$_$18,1,so,0.7624687552452087,0.9224687218666077,True,0.8845954537391663,False,True,True
-tPCytz4rww$_$18,2,and,1.5224688053131104,1.6224687099456787,True,0.9245348572731018,False,True,True
-tPCytz4rww$_$18,3,as,1.702468752861023,1.762468695640564,True,0.9941185712814331,False,True,True
-tPCytz4rww$_$18,4,well,1.8224687576293945,2.042468786239624,True,0.9487881660461426,False,True,True
-tPCytz4rww$_$18,5,you'll,2.5624687671661377,2.782468795776367,True,0.9684601426124573,False,True,True
-tPCytz4rww$_$18,6,also,2.8224687576293945,3.0224688053131104,True,0.9999582171440125,False,True,True
-tPCytz4rww$_$18,7,want,3.1424686908721924,3.3224687576293945,True,0.9951273202896118,False,True,True
-tPCytz4rww$_$18,8,to,3.402468681335449,3.542468786239624,True,0.9997352361679077,False,True,True
-tPCytz4rww$_$18,9,remove,3.6824686527252197,3.9424686431884766,True,0.9411996603012085,False,True,True
-tPCytz4rww$_$18,10,any,4.002468585968018,4.122468948364258,True,0.9741490483283997,False,True,True
-tPCytz4rww$_$18,11,clutter,4.222468852996826,4.522468566894531,True,0.9627251625061035,False,True,True
-tPCytz4rww$_$18,12,from,4.562468528747559,4.682468891143799,True,0.9817377924919128,False,True,True
-tPCytz4rww$_$18,13,that,5.022468566894531,5.102468967437744,True,0.9978525042533875,False,True,True
-tPCytz4rww$_$18,14,you've,5.162468910217285,5.342468738555908,True,0.9968287348747253,False,True,True
-tPCytz4rww$_$18,15,accumulated,5.3824687004089355,6.022468566894531,True,0.6015076637268066,False,True,True
-vxjVxOeScU$_$4,0,You're,0.002468750113621354,0.1224687471985817,True,0.00145396264269948,True,True,True
-vxjVxOeScU$_$4,1,going,0.5824687480926514,0.702468752861023,True,0.010862208902835846,True,True,True
-vxjVxOeScU$_$4,2,to,0.7424687743186951,0.7824687361717224,True,0.7356266975402832,False,True,True
-vxjVxOeScU$_$4,3,talk,0.8424687385559082,1.0624687671661377,True,0.993281900882721,False,True,True
-vxjVxOeScU$_$4,4,about,1.1824687719345093,1.542468786239624,True,0.9534046649932861,False,True,True
-vxjVxOeScU$_$4,5,their,1.8624687194824219,2.0624687671661377,True,0.9957739114761353,False,True,True
-vxjVxOeScU$_$4,6,life,2.2024686336517334,2.5624687671661377,True,0.9973223805427551,False,True,True
-vxjVxOeScU$_$4,7,their,2.9424686431884766,3.1424686908721924,True,0.9904488325119019,False,True,True
-vxjVxOeScU$_$4,8,marriage,3.24246883392334,3.7624688148498535,True,0.9799184799194336,False,True,True
-vxjVxOeScU$_$4,9,and,4.7624688148498535,4.8224687576293945,True,0.024738337844610214,True,True,True
-vxjVxOeScU$_$4,10,usually,5.002468585968018,5.482468605041504,True,0.96527498960495,False,True,True
-vxjVxOeScU$_$4,11,how,5.602468967437744,5.74246883392334,True,0.9996479749679565,False,True,True
-vxjVxOeScU$_$4,12,amazing,5.902468681335449,6.402468681335449,True,0.9814093112945557,False,True,True
-vxjVxOeScU$_$4,13,it,6.482468605041504,6.522468566894531,True,0.9998171329498291,False,True,True
-vxjVxOeScU$_$4,14,is,6.662468910217285,6.722468852996826,True,0.9723387956619263,False,True,True
-vxjVxOeScU$_$4,15,that,6.8224687576293945,6.942468643188477,True,0.8752225637435913,False,True,True
-vxjVxOeScU$_$4,16,they've,6.96246862411499,7.162468910217285,True,0.9706958532333374,False,True,True
-vxjVxOeScU$_$4,17,stayed,7.2024688720703125,7.46246862411499,True,0.9721223711967468,False,True,True
-vxjVxOeScU$_$4,18,together,7.522468566894531,7.8824687004089355,True,0.9997234344482422,False,True,True
-vxjVxOeScU$_$4,19,this,7.96246862411499,8.102468490600586,True,0.9870969653129578,False,True,True
-vxjVxOeScU$_$4,20,long,8.222468376159668,8.482468605041504,True,0.9979828596115112,False,True,True
-wMB_hJL-3o$_$7,0,So,0.602468729019165,0.8224687576293945,True,0.9999549388885498,False,True,True
-wMB_hJL-3o$_$7,1,if,1.102468729019165,1.1424686908721924,True,0.9999426007270813,False,True,True
-wMB_hJL-3o$_$7,2,you,1.202468752861023,1.2824687957763672,True,0.9999704957008362,False,True,True
-wMB_hJL-3o$_$7,3,have,1.3424687385559082,1.4624687433242798,True,0.9482593536376953,False,True,True
-wMB_hJL-3o$_$7,4,a,1.5224688053131104,1.542468786239624,True,0.967032790184021,False,True,True
-wMB_hJL-3o$_$7,5,loved,1.602468729019165,1.7824687957763672,True,0.9992393255233765,False,True,True
-wMB_hJL-3o$_$7,6,one,1.9024688005447388,1.9824687242507935,True,0.998566746711731,False,True,True
-wMB_hJL-3o$_$7,7,who,2.0224688053131104,2.1224687099456787,True,0.9011548161506653,False,True,True
-wMB_hJL-3o$_$7,8,is,2.2024686336517334,2.2624688148498535,True,0.9864836931228638,False,True,True
-wMB_hJL-3o$_$7,9,depressed,2.3224687576293945,2.902468681335449,True,0.9733666181564331,False,True,True
-wMB_hJL-3o$_$7,10,those,3.2624688148498535,3.4424686431884766,True,0.9971201419830322,False,True,True
-wMB_hJL-3o$_$7,11,are,3.482468843460083,3.5624687671661377,True,0.9961543679237366,False,True,True
-wMB_hJL-3o$_$7,12,some,3.602468729019165,3.722468852996826,True,0.9398714303970337,False,True,True
-wMB_hJL-3o$_$7,13,of,3.7624688148498535,3.802468776702881,True,0.9992265105247498,False,True,True
-wMB_hJL-3o$_$7,14,the,3.862468719482422,3.9424686431884766,True,0.9970975518226624,False,True,True
-wMB_hJL-3o$_$7,15,things,4.002468585968018,4.2024688720703125,True,0.9998733997344971,False,True,True
-wMB_hJL-3o$_$7,16,that,4.24246883392334,4.342468738555908,True,0.9371168613433838,False,True,True
-wMB_hJL-3o$_$7,17,you,4.3824687004089355,4.46246862411499,True,0.9998682737350464,False,True,True
-wMB_hJL-3o$_$7,18,should,4.522468566894531,4.7024688720703125,True,0.9630929827690125,False,True,True
-wMB_hJL-3o$_$7,19,think,4.722468852996826,4.842468738555908,True,0.9998964667320251,False,True,True
-wMB_hJL-3o$_$7,20,about,4.922468662261963,5.122468948364258,True,0.9986560940742493,False,True,True
-wMB_hJL-3o$_$7,21,doing,5.182468891143799,5.502468585968018,True,0.2995932102203369,False,True,True
-wny0OAz3g8$_$1,0,And,0.5624687671661377,0.6224687695503235,True,0.9988926649093628,False,True,False
-wny0OAz3g8$_$1,1,because,0.6624687314033508,0.9224687218666077,True,0.9998762607574463,False,True,False
-wny0OAz3g8$_$1,2,they,0.9624687433242798,1.0624687671661377,True,0.9906317591667175,False,True,False
-wny0OAz3g8$_$1,3,couldn’t,1.102468729019165,1.3224687576293945,True,0.9682207703590393,False,True,False
-wny0OAz3g8$_$1,4,join,1.3624687194824219,1.5224688053131104,True,0.9666703343391418,False,True,False
-wny0OAz3g8$_$1,5,unions,1.6824687719345093,2.0024688243865967,True,0.892356276512146,False,True,False
-wny0OAz3g8$_$1,6,many,2.162468671798706,2.3224687576293945,True,0.9997240304946899,False,True,False
-wny0OAz3g8$_$1,7,Black,2.362468719482422,2.542468786239624,True,0.9725235104560852,False,True,False
-wny0OAz3g8$_$1,8,workers,2.602468729019165,2.8824687004089355,True,0.972736120223999,False,True,True
-wny0OAz3g8$_$1,9,couldn’t,2.9624688625335693,3.2024686336517334,True,0.9804701805114746,False,True,False
-wny0OAz3g8$_$1,10,get,3.24246883392334,3.342468738555908,True,0.9994940161705017,False,True,False
-wny0OAz3g8$_$1,11,manufacturing,3.402468681335449,4.002468585968018,True,0.9636796116828918,False,True,False
-wny0OAz3g8$_$1,12,or,4.042468547821045,4.102468967437744,True,0.9980856776237488,False,True,False
-wny0OAz3g8$_$1,13,trade,4.162468910217285,4.362468719482422,True,0.9783319234848022,False,True,False
-wny0OAz3g8$_$1,14,work,4.402468681335449,4.542468547821045,True,0.9400954246520996,False,True,False
-wny0OAz3g8$_$1,15,which,4.662468910217285,4.782468795776367,True,0.9999718070030212,False,True,False
-wny0OAz3g8$_$1,16,paid,4.862468719482422,5.042468547821045,True,0.9990602135658264,False,True,False
-wny0OAz3g8$_$1,17,much,5.162468910217285,5.302468776702881,True,0.9999713897705078,False,True,False
-wny0OAz3g8$_$1,18,better,5.3824687004089355,5.5824689865112305,True,0.98527991771698,False,True,False
-wny0OAz3g8$_$1,19,than,5.622468948364258,5.722468852996826,True,0.9735524654388428,False,True,False
-wny0OAz3g8$_$1,20,service,5.782468795776367,6.042468547821045,True,0.9902688264846802,False,True,False
-wny0OAz3g8$_$1,21,work,6.102468967437744,6.222468852996826,True,0.9664437770843506,False,True,False
-wny0OAz3g8$_$0,0,trade,0.32246875762939453,0.5024687647819519,True,0.9414691925048828,False,True,True
-wny0OAz3g8$_$0,1,labor,0.5424687266349792,0.7224687337875366,True,0.9383522272109985,False,True,True
-wny0OAz3g8$_$0,2,unions,0.8224687576293945,1.0624687671661377,True,0.9671615362167358,False,True,True
-wny0OAz3g8$_$0,3,didn’t,1.1424686908721924,1.3624687194824219,True,0.9982852339744568,False,True,True
-wny0OAz3g8$_$0,4,allow,1.4424687623977661,1.6624687910079956,True,0.9999346733093262,False,True,True
-wny0OAz3g8$_$0,5,Black,1.762468695640564,1.9424687623977661,True,0.9995028376579285,False,True,True
-wny0OAz3g8$_$0,6,workers,2.0024688243865967,2.302468776702881,True,0.9569852352142334,False,True,True
-wny0OAz3g8$_$0,7,to,2.342468738555908,2.422468662261963,True,0.8857971429824829,False,True,True
-wny0OAz3g8$_$0,8,join,2.482468843460083,2.7024686336517334,True,0.9985537528991699,False,True,True
-wny0OAz3g8$_$3,0,Which,0.5424687266349792,0.6624687314033508,True,0.9999538064002991,False,True,False
-wny0OAz3g8$_$3,1,then,0.7224687337875366,0.8424687385559082,True,0.960430383682251,False,True,False
-wny0OAz3g8$_$3,2,allowed,0.9424687623977661,1.1424686908721924,True,0.9998983144760132,False,True,False
-wny0OAz3g8$_$3,3,the,1.1824687719345093,1.2424687147140503,True,0.9994242191314697,False,True,False
-wny0OAz3g8$_$3,4,white,1.2824687957763672,1.4424687623977661,True,0.9526798129081726,False,True,False
-wny0OAz3g8$_$3,5,workers,1.4824687242507935,1.762468695640564,True,0.9991337060928345,False,True,False
-wny0OAz3g8$_$3,6,and,1.8024687767028809,1.8624687194824219,True,0.7686253190040588,False,True,False
-wny0OAz3g8$_$3,7,unions,1.9424687623977661,2.2024686336517334,True,0.8758596777915955,False,True,False
-wny0OAz3g8$_$3,8,to,2.24246883392334,2.3224687576293945,True,0.9999746680259705,False,True,False
-wny0OAz3g8$_$3,9,justify,2.402468681335449,2.802468776702881,True,0.9881817102432251,False,True,False
-wny0OAz3g8$_$3,10,their,2.8824687004089355,3.0024688243865967,True,0.9996309876441956,False,True,False
-wny0OAz3g8$_$3,11,decision,3.042468786239624,3.302468776702881,True,0.9958506226539612,False,True,False
-wny0OAz3g8$_$3,12,to,3.3824687004089355,3.4424686431884766,True,0.9961987137794495,False,True,False
-wny0OAz3g8$_$3,13,not,3.5224688053131104,3.6824686527252197,True,0.9259212017059326,False,True,False
-wny0OAz3g8$_$3,14,allow,3.7624688148498535,3.9424686431884766,True,0.9998571276664734,False,True,False
-wny0OAz3g8$_$3,15,black,4.042468547821045,4.222468852996826,True,0.9879676699638367,False,True,False
-wny0OAz3g8$_$3,16,workers,4.302468776702881,4.6424689292907715,True,0.9595927596092224,False,True,False
-wny0OAz3g8$_$3,17,into,4.8224687576293945,5.002468585968018,True,0.9817536473274231,False,True,False
-wny0OAz3g8$_$3,18,their,5.062468528747559,5.182468891143799,True,0.9947763085365295,False,True,False
-wny0OAz3g8$_$3,19,union,5.3224687576293945,5.542468547821045,True,0.9827516078948975,False,True,False
-wny0OAz3g8$_$2,0,And,0.5424687266349792,0.6224687695503235,True,0.9902127981185913,False,True,True
-wny0OAz3g8$_$2,1,because,0.6624687314033508,0.9424687623977661,True,0.9961215853691101,False,True,True
-wny0OAz3g8$_$2,2,they,1.0024687051773071,1.102468729019165,True,0.9935903549194336,False,True,True
-wny0OAz3g8$_$2,3,couldn’t,1.1224687099456787,1.3424687385559082,True,0.9859595894813538,False,True,True
-wny0OAz3g8$_$2,4,get,1.3624687194824219,1.4424687623977661,True,0.9997447729110718,False,True,True
-wny0OAz3g8$_$2,5,these,1.4824687242507935,1.6224687099456787,True,0.994663655757904,False,True,True
-wny0OAz3g8$_$2,6,jobs,1.6824687719345093,2.0224688053131104,True,0.9927000999450684,False,True,True
-wny0OAz3g8$_$2,7,Black,2.2024686336517334,2.3824687004089355,True,0.9619412422180176,False,True,True
-wny0OAz3g8$_$2,8,communities,2.422468662261963,2.802468776702881,True,0.9835295081138611,False,True,True
-wny0OAz3g8$_$2,9,had,2.8224687576293945,2.902468681335449,True,0.9990997910499573,False,True,True
-wny0OAz3g8$_$2,10,more,2.982468843460083,3.1224687099456787,True,0.9339995384216309,False,True,True
-wny0OAz3g8$_$2,11,men,3.162468671798706,3.2624688148498535,True,0.9998157024383545,False,True,True
-wny0OAz3g8$_$2,12,out,3.302468776702881,3.3824687004089355,True,0.9976491928100586,False,True,True
-wny0OAz3g8$_$2,13,of,3.402468681335449,3.4624688625335693,True,0.9966860413551331,False,True,True
-wny0OAz3g8$_$2,14,work,3.5224688053131104,3.662468671798706,True,0.996412456035614,False,True,True
-wny0OAz3g8$_$2,15,higher,3.982468843460083,4.2024688720703125,True,0.7318510413169861,False,True,True
-wny0OAz3g8$_$2,16,rates,4.222468852996826,4.3824687004089355,True,0.8979748487472534,False,True,True
-wny0OAz3g8$_$2,17,of,4.402468681335449,4.46246862411499,True,0.9982849955558777,False,True,True
-wny0OAz3g8$_$2,18,poverty,4.502468585968018,4.842468738555908,True,0.9094837307929993,False,True,True
-wny0OAz3g8$_$2,19,and,4.96246862411499,5.042468547821045,True,0.9931286573410034,False,True,True
-wny0OAz3g8$_$2,20,more,5.0824689865112305,5.222468852996826,True,0.8849194049835205,False,True,True
-wny0OAz3g8$_$2,21,criminal,5.282468795776367,5.542468547821045,True,0.9919127225875854,False,True,True
-wny0OAz3g8$_$2,22,behavior,5.602468967437744,6.002468585968018,True,0.9662009477615356,False,True,True
-wny0OAz3g8$_$5,0,This,0.5824687480926514,0.702468752861023,True,0.9972556829452515,False,True,False
-wny0OAz3g8$_$5,1,is,0.7824687361717224,0.8224687576293945,True,0.9977120161056519,False,True,False
-wny0OAz3g8$_$5,2,what’s,0.8824687600135803,1.042468786239624,True,0.9491597414016724,False,True,False
-wny0OAz3g8$_$5,3,now,1.102468729019165,1.2224687337875366,True,0.9996788501739502,False,True,False
-wny0OAz3g8$_$5,4,known,1.3024687767028809,1.5024687051773071,True,0.9987972378730774,False,True,False
-wny0OAz3g8$_$5,5,as,1.5624687671661377,1.6224687099456787,True,0.9997130632400513,False,True,False
-wny0OAz3g8$_$5,6,racial,1.7224687337875366,1.9824687242507935,True,0.9163439273834229,False,True,False
-wny0OAz3g8$_$5,7,formation,2.042468786239624,2.4424686431884766,True,0.9662013053894043,False,True,False
-wny0OAz3g8$_$5,8,theory,2.542468786239624,2.782468795776367,True,0.9999712705612183,False,True,False
-wny0OAz3g8$_$5,9,a,3.102468729019165,3.1224687099456787,True,0.9982825517654419,False,True,False
-wny0OAz3g8$_$5,10,theory,3.1824686527252197,3.362468719482422,True,0.9919320940971375,False,True,False
-wny0OAz3g8$_$5,11,formalized,3.422468662261963,3.8824687004089355,True,0.9662469625473022,False,True,False
-wny0OAz3g8$_$5,12,by,3.9424686431884766,4.002468585968018,True,0.999793529510498,False,True,False
-wny0OAz3g8$_$5,13,modern,4.0824689865112305,4.342468738555908,True,0.9934856295585632,False,True,False
-wny0OAz3g8$_$5,14,sociologists,4.3824687004089355,4.942468643188477,True,0.8113085627555847,False,True,False
-wny0OAz3g8$_$5,15,Michael,4.96246862411499,5.182468891143799,True,0.9658622741699219,False,True,False
-wny0OAz3g8$_$5,16,Omi,5.282468795776367,5.442468643188477,True,0.36026105284690857,False,True,False
-wny0OAz3g8$_$5,17,and,5.562468528747559,5.622468948364258,True,0.9988964796066284,False,True,False
-wny0OAz3g8$_$5,18,Howard,5.662468910217285,5.8824687004089355,True,0.9968928098678589,False,True,False
-wny0OAz3g8$_$5,19,Winant,5.922468662261963,6.3824687004089355,True,0.3996734917163849,False,True,True
-wny0OAz3g8$_$7,0,Omi,0.16246874630451202,0.702468752861023,True,0.5477893352508545,False,True,True
-wny0OAz3g8$_$7,1,and,0.7424687743186951,0.8024687767028809,True,0.5816219449043274,False,True,False
-wny0OAz3g8$_$7,2,Winant,0.8224687576293945,1.0624687671661377,True,0.6080049872398376,False,True,False
-wny0OAz3g8$_$7,3,argue,1.1424686908721924,1.3224687576293945,True,0.9994950890541077,False,True,False
-wny0OAz3g8$_$7,4,that,1.3624687194824219,1.4424687623977661,True,0.9996516108512878,False,True,False
-wny0OAz3g8$_$7,5,the,1.4624687433242798,1.542468786239624,True,0.9752347469329834,False,True,False
-wny0OAz3g8$_$7,6,concept,1.5824687480926514,1.9024688005447388,True,0.9976832270622253,False,True,True
-wny0OAz3g8$_$7,7,of,1.9624687433242798,2.0024688243865967,True,0.9991128444671631,False,True,False
-wny0OAz3g8$_$7,8,race,2.0624687671661377,2.24246883392334,True,0.9874230027198792,False,True,False
-wny0OAz3g8$_$7,9,came,2.3224687576293945,2.4624688625335693,True,0.919381856918335,False,True,False
-wny0OAz3g8$_$7,10,about,2.5224688053131104,2.6824686527252197,True,0.977135181427002,False,True,True
-wny0OAz3g8$_$7,11,as,2.74246883392334,2.782468795776367,True,0.9990481734275818,False,True,True
-wny0OAz3g8$_$7,12,a,2.842468738555908,2.862468719482422,True,0.9960420727729797,False,True,False
-wny0OAz3g8$_$7,13,tool,2.922468662261963,3.1424686908721924,True,0.9477236270904541,False,True,True
-wny0OAz3g8$_$7,14,to,3.2024686336517334,3.2624688148498535,True,0.9998329281806946,False,True,False
-wny0OAz3g8$_$7,15,justify,3.3224687576293945,3.7624688148498535,True,0.954545259475708,False,True,False
-wny0OAz3g8$_$7,16,and,3.8824687004089355,3.9624688625335693,True,0.46047475934028625,False,True,False
-wny0OAz3g8$_$7,17,maintain,4.002468585968018,4.402468681335449,True,0.9501128196716309,False,True,False
-wny0OAz3g8$_$7,18,the,4.542468547821045,4.622468948364258,True,0.9966520071029663,False,True,False
-wny0OAz3g8$_$7,19,economic,4.7024688720703125,5.062468528747559,True,0.9751245379447937,False,True,True
-wny0OAz3g8$_$7,20,and,5.1424689292907715,5.2024688720703125,True,0.9930840730667114,False,True,True
-wny0OAz3g8$_$7,21,political,5.24246883392334,5.602468967437744,True,0.9781518578529358,False,True,True
-wny0OAz3g8$_$7,22,power,5.662468910217285,5.942468643188477,True,0.9938378930091858,False,True,False
-wny0OAz3g8$_$7,23,held,6.042468547821045,6.222468852996826,True,0.9996246099472046,False,True,False
-wny0OAz3g8$_$7,24,by,6.282468795776367,6.342468738555908,True,0.9998701810836792,False,True,False
-wny0OAz3g8$_$7,25,those,6.3824687004089355,6.542468547821045,True,0.9901299476623535,False,True,True
-wny0OAz3g8$_$7,26,of,6.602468967437744,6.6424689292907715,True,0.9995942115783691,False,True,False
-wny0OAz3g8$_$7,27,European,6.7024688720703125,7.062468528747559,True,0.9447959065437317,False,True,False
-wny0OAz3g8$_$7,28,descent,7.122468948364258,7.7624688148498535,True,0.9407296776771545,False,True,True
-wny0OAz3g8$_$9,0,He,0.5224687457084656,0.5824687480926514,True,0.9760700464248657,False,True,True
-wny0OAz3g8$_$9,1,explores,0.6624687314033508,1.0024687051773071,True,0.9766268134117126,False,True,True
-wny0OAz3g8$_$9,2,why,1.042468786239624,1.102468729019165,True,0.982810378074646,False,True,True
-wny0OAz3g8$_$9,3,Black,1.1824687719345093,1.3424687385559082,True,0.3335634469985962,False,True,True
-wny0OAz3g8$_$9,4,and,1.4024688005447388,1.4624687433242798,True,0.7888363003730774,False,True,True
-wny0OAz3g8$_$9,5,White,1.4824687242507935,1.6224687099456787,True,0.9481726884841919,False,True,True
-wny0OAz3g8$_$9,6,Americans,1.6424686908721924,2.042468786239624,True,0.979433000087738,False,True,True
-wny0OAz3g8$_$9,7,tend,2.102468729019165,2.24246883392334,True,0.9276187419891357,False,True,True
-wny0OAz3g8$_$9,8,to,2.302468776702881,2.342468738555908,True,0.9933848977088928,False,True,True
-wny0OAz3g8$_$9,9,have,2.402468681335449,2.5224688053131104,True,0.9997323155403137,False,True,True
-wny0OAz3g8$_$9,10,such,2.5824687480926514,2.74246883392334,True,0.9952839612960815,False,True,True
-wny0OAz3g8$_$9,11,different,2.842468738555908,3.1224687099456787,True,0.984086811542511,False,True,True
-wny0OAz3g8$_$9,12,outcomes,3.222468852996826,3.6424686908721924,True,0.981611967086792,False,True,True
-wny0OAz3g8$_$9,13,in,3.7024686336517334,3.74246883392334,True,0.945436954498291,False,True,True
-wny0OAz3g8$_$9,14,terms,3.802468776702881,3.9624688625335693,True,0.9997743368148804,False,True,True
-wny0OAz3g8$_$9,15,of,4.002468585968018,4.042468547821045,True,0.9986096620559692,False,True,True
-wny0OAz3g8$_$9,16,income,4.162468910217285,4.482468605041504,True,0.995216429233551,False,True,True
-wny0OAz3g8$_$9,17,education,4.622468948364258,5.102468967437744,True,0.9940050840377808,False,True,True
-wny0OAz3g8$_$9,18,and,5.2024688720703125,5.2624688148498535,True,0.9950871467590332,False,True,True
-wny0OAz3g8$_$9,19,more,5.302468776702881,5.502468585968018,True,0.8763590455055237,False,True,True
-571d8cVauQ$_$0,0,This,1.0624687671661377,1.1624687910079956,True,0.057570602744817734,True,True,True
-571d8cVauQ$_$0,1,is,1.262468695640564,1.3024687767028809,True,0.5415936708450317,False,True,True
-571d8cVauQ$_$0,2,Rhett,1.3424687385559082,1.5024687051773071,True,0.07591820508241653,True,True,True
-571d8cVauQ$_$0,3,Reiger,1.5624687671661377,1.8824687004089355,True,0.3765450417995453,False,True,True
-571d8cVauQ$_$0,4,White,1.9624687433242798,2.1424686908721924,True,0.9895346164703369,False,True,True
-571d8cVauQ$_$0,5,Caspian,2.162468671798706,2.542468786239624,True,0.6226561665534973,False,True,True
-571d8cVauQ$_$0,6,Studios,2.6224687099456787,3.0624687671661377,True,0.9520917534828186,False,True,True
-571d8cVauQ$_$0,7,on,3.162468671798706,3.2024686336517334,True,0.9985822439193726,False,True,True
-571d8cVauQ$_$0,8,behalf,3.2624688148498535,3.542468786239624,True,0.9648334980010986,False,True,True
-571d8cVauQ$_$0,9,of,3.6224687099456787,3.662468671798706,True,0.985553503036499,False,True,True
-571d8cVauQ$_$0,10,Expert,3.7624688148498535,4.042468547821045,True,0.997951328754425,False,True,True
-571d8cVauQ$_$0,11,Village,4.102468967437744,4.402468681335449,True,0.9989945888519287,False,True,True
-571d8cVauQ$_$5,0,So,0.5424687266349792,0.6424687504768372,True,0.9684493541717529,False,True,True
-571d8cVauQ$_$5,1,very,0.7624687552452087,0.9624687433242798,True,0.9931616187095642,False,True,True
-571d8cVauQ$_$5,2,important,1.0224688053131104,1.3824687004089355,True,0.9724050164222717,False,True,True
-571d8cVauQ$_$5,3,to,1.4224687814712524,1.4624687433242798,True,0.4685667157173157,False,True,True
-571d8cVauQ$_$5,4,go,1.602468729019165,1.7424687147140503,True,0.9999575018882751,False,True,True
-571d8cVauQ$_$5,5,out,1.9224687814712524,2.0024688243865967,True,0.9996923804283142,False,True,True
-571d8cVauQ$_$5,6,to,2.4624688625335693,2.5824687480926514,True,0.8911054730415344,False,True,True
-571d8cVauQ$_$5,7,the,2.662468671798706,2.722468852996826,True,0.9693395495414734,False,True,True
-571d8cVauQ$_$5,8,locations,2.782468795776367,3.3824687004089355,True,0.9834508299827576,False,True,True
-571d8cVauQ$_$5,9,walk,3.802468776702881,4.022468566894531,True,0.9796980023384094,False,True,True
-571d8cVauQ$_$5,10,around,4.1424689292907715,4.442468643188477,True,0.958037257194519,False,True,True
-571d8cVauQ$_$5,11,talk,4.722468852996826,4.922468662261963,True,0.9995063543319702,False,True,True
-571d8cVauQ$_$5,12,with,5.002468585968018,5.102468967437744,True,0.9995793700218201,False,True,True
-571d8cVauQ$_$5,13,the,5.1424689292907715,5.222468852996826,True,0.9992401003837585,False,True,True
-571d8cVauQ$_$5,14,owners,5.3224687576293945,5.562468528747559,True,0.993149995803833,False,True,True
-571d8cVauQ$_$5,15,if,5.6424689292907715,5.682468891143799,True,0.9998108744621277,False,True,True
-571d8cVauQ$_$5,16,you,5.74246883392334,5.8224687576293945,True,0.9990358948707581,False,True,True
-571d8cVauQ$_$5,17,can,5.8824687004089355,6.0824689865112305,True,0.999922513961792,False,True,True
-571d8cVauQ$_$5,18,tell,6.482468605041504,6.6424689292907715,True,0.9876848459243774,False,True,True
-571d8cVauQ$_$5,19,them,6.682468891143799,6.802468776702881,True,0.9387372732162476,False,True,True
-571d8cVauQ$_$5,20,what,6.862468719482422,6.96246862411499,True,0.9990284442901611,False,True,True
-571d8cVauQ$_$5,21,you're,7.002468585968018,7.162468910217285,True,0.8322661519050598,False,True,True
-571d8cVauQ$_$5,22,doing,7.182468891143799,7.3824687004089355,True,0.9987838268280029,False,True,True
-571d8cVauQ$_$5,23,build,7.7024688720703125,7.902468681335449,True,0.866791307926178,False,True,True
-571d8cVauQ$_$5,24,a,7.982468605041504,8.002469062805176,True,0.8567285537719727,False,True,True
-571d8cVauQ$_$5,25,little,8.042469024658203,8.262468338012695,True,0.9254549741744995,False,True,True
-571d8cVauQ$_$5,26,excitement,8.322468757629395,8.822468757629395,True,0.9767671823501587,False,True,True
-571d8cVauQ$_$5,27,put,9.422469139099121,9.522468566894531,True,0.9974114894866943,False,True,True
-571d8cVauQ$_$5,28,a,9.562468528747559,9.58246898651123,True,0.593590497970581,False,True,True
-571d8cVauQ$_$5,29,little,9.622468948364258,9.822468757629395,True,0.9810498952865601,False,True,True
-571d8cVauQ$_$5,30,glitz,9.862468719482422,10.122468948364258,True,0.9244850277900696,False,True,True
-571d8cVauQ$_$5,31,on,10.282468795776367,10.322468757629395,True,0.9994167685508728,False,True,True
-571d8cVauQ$_$5,32,there,10.40246868133545,10.58246898651123,True,0.9885251522064209,False,True,True
-571d8cVauQ$_$5,33,and,11.24246883392334,11.322468757629395,True,0.996429443359375,False,True,True
-571d8cVauQ$_$5,34,let,11.542469024658203,11.662468910217285,True,0.9999553561210632,False,True,True
-571d8cVauQ$_$5,35,everybody,11.722468376159668,12.062468528747559,True,0.952437162399292,False,True,True
-571d8cVauQ$_$5,36,knows,12.102468490600586,12.262468338012695,True,0.09630674868822098,True,True,True
-571d8cVauQ$_$5,37,this,12.74246883392334,12.882469177246094,True,0.9846152663230896,False,True,True
-571d8cVauQ$_$5,38,is,12.982468605041504,13.042469024658203,True,0.9967736005783081,False,True,True
-571d8cVauQ$_$5,39,a,13.142468452453613,13.162468910217285,True,0.9933215379714966,False,True,True
-571d8cVauQ$_$5,40,very,13.302468299865723,13.542469024658203,True,0.9919458031654358,False,True,True
-571d8cVauQ$_$5,41,valuable,13.68246841430664,14.162468910217285,True,0.9809843897819519,False,True,True
-571d8cVauQ$_$5,42,spot,14.24246883392334,14.58246898651123,True,0.25785788893699646,False,True,True
-I_e4mIh0yE$_$1,0,In,0.8224687576293945,0.8624687790870667,True,0.9987776279449463,False,True,True
-I_e4mIh0yE$_$1,1,the,0.902468740940094,0.9624687433242798,True,0.9993337988853455,False,True,True
-I_e4mIh0yE$_$1,2,United,1.0224688053131104,1.2824687957763672,True,0.9824413657188416,False,True,True
-I_e4mIh0yE$_$1,3,States,1.3424687385559082,1.5824687480926514,True,0.9982121586799622,False,True,True
-I_e4mIh0yE$_$1,4,we,1.6424686908721924,1.7424687147140503,True,0.9576115608215332,False,True,True
-I_e4mIh0yE$_$1,5,don't,1.8624687194824219,2.0824687480926514,True,0.9560607075691223,False,True,True
-I_e4mIh0yE$_$1,6,punish,2.2024686336517334,2.5024688243865967,True,0.9522205591201782,False,True,True
-I_e4mIh0yE$_$1,7,failure,2.6424686908721924,3.0824687480926514,True,0.9990728497505188,False,True,True
-I_e4mIh0yE$_$1,8,to,3.5224688053131104,3.6224687099456787,True,0.9990975856781006,False,True,True
-I_e4mIh0yE$_$1,9,the,3.6824686527252197,3.74246883392334,True,0.9980698227882385,False,True,True
-I_e4mIh0yE$_$1,10,degree,3.802468776702881,4.162468910217285,True,0.9843300580978394,False,True,True
-I_e4mIh0yE$_$1,11,to,4.2624688148498535,4.3224687576293945,True,0.9660298228263855,False,True,True
-I_e4mIh0yE$_$1,12,which,4.422468662261963,4.622468948364258,True,0.9996137619018555,False,True,True
-I_e4mIh0yE$_$1,13,failure,4.902468681335449,5.282468795776367,True,0.9936736822128296,False,True,True
-I_e4mIh0yE$_$1,14,is,5.342468738555908,5.402468681335449,True,0.9759407043457031,False,True,True
-I_e4mIh0yE$_$1,15,punished,5.502468585968018,5.862468719482422,True,0.9965692758560181,False,True,True
-I_e4mIh0yE$_$1,16,in,6.302468776702881,6.342468738555908,True,0.9995818734169006,False,True,True
-I_e4mIh0yE$_$1,17,Europe,6.622468948364258,6.862468719482422,True,0.9603381752967834,False,True,True
-I_e4mIh0yE$_$3,0,It's,0.5824687480926514,0.7224687337875366,True,0.984245777130127,False,True,True
-I_e4mIh0yE$_$3,1,perceived,0.9224687218666077,1.4424687623977661,True,0.970248281955719,False,True,True
-I_e4mIh0yE$_$3,2,that,1.542468786239624,1.6624687910079956,True,0.9895094633102417,False,True,True
-I_e4mIh0yE$_$3,3,you,1.702468752861023,2.042468786239624,True,0.8663201332092285,False,True,True
-I_e4mIh0yE$_$3,4,have,3.102468729019165,3.362468719482422,True,0.9954032301902771,False,True,True
-I_e4mIh0yE$_$3,5,actually,3.422468662261963,3.7024686336517334,True,0.998450756072998,False,True,True
-I_e4mIh0yE$_$3,6,learned,3.802468776702881,4.0824689865112305,True,0.949418842792511,False,True,True
-I_e4mIh0yE$_$3,7,something,4.2624688148498535,4.682468891143799,True,0.9336096048355103,False,True,True
-I_e4mIh0yE$_$3,8,over,5.46246862411499,5.5824689865112305,True,0.9971578121185303,False,True,True
-I_e4mIh0yE$_$3,9,the,5.6424689292907715,5.7024688720703125,True,0.9941880702972412,False,True,True
-I_e4mIh0yE$_$3,10,course,5.74246883392334,5.942468643188477,True,0.6371651887893677,False,True,True
-I_e4mIh0yE$_$3,11,of,5.96246862411499,6.022468566894531,True,0.01456405222415924,True,True,True
-I_e4mIh0yE$_$3,12,your,6.062468528747559,6.162468910217285,True,0.3552758991718292,False,True,True
-I_e4mIh0yE$_$3,13,carreer,6.222468852996826,6.442468643188477,True,0.30525222420692444,False,True,True
-I_e4mIh0yE$_$3,14,and,6.482468605041504,6.542468547821045,True,0.8563132286071777,False,True,True
-I_e4mIh0yE$_$3,15,that,6.562468528747559,6.6424689292907715,True,0.953208327293396,False,True,True
-I_e4mIh0yE$_$3,16,you,6.682468891143799,6.782468795776367,True,0.993104100227356,False,True,True
-I_e4mIh0yE$_$3,17,won't,6.842468738555908,7.042468547821045,True,0.9562588334083557,False,True,True
-I_e4mIh0yE$_$3,18,make,7.342468738555908,7.502468585968018,True,0.9198079705238342,False,True,True
-I_e4mIh0yE$_$3,19,the,7.542468547821045,7.602468967437744,True,0.9474605321884155,False,True,True
-I_e4mIh0yE$_$3,20,mistake,7.6424689292907715,7.96246862411499,True,0.9437069296836853,False,True,True
-I_e4mIh0yE$_$3,21,twice,8.062468528747559,8.382469177246094,True,0.9367282390594482,False,True,True
-UacrmKiTn4$_$10,0,Because,0.5224687457084656,0.8024687767028809,True,0.975914478302002,False,True,True
-UacrmKiTn4$_$10,1,if,0.8824687600135803,0.9224687218666077,True,0.9986644387245178,False,True,True
-UacrmKiTn4$_$10,2,they,1.0024687051773071,1.1624687910079956,True,0.9754869937896729,False,True,True
-UacrmKiTn4$_$10,3,are,1.2224687337875366,1.3024687767028809,True,0.968917965888977,False,True,True
-UacrmKiTn4$_$10,4,not,1.3624687194824219,1.6424686908721924,True,0.9889747500419617,False,True,True
-UacrmKiTn4$_$10,5,in,2.2024686336517334,2.24246883392334,True,0.9891147613525391,False,True,True
-UacrmKiTn4$_$10,6,any,2.4424686431884766,2.5624687671661377,True,0.9996775984764099,False,True,True
-UacrmKiTn4$_$10,7,way,2.6424686908721924,2.782468795776367,True,0.9999929666519165,False,True,True
-UacrmKiTn4$_$10,8,held,2.862468719482422,3.0824687480926514,True,0.9698013067245483,False,True,True
-UacrmKiTn4$_$10,9,accountable,3.162468671798706,3.8224687576293945,True,0.945672333240509,False,True,True
-UacrmKiTn4$_$10,10,for,3.9624688625335693,4.162468910217285,True,0.987232506275177,False,True,True
-UacrmKiTn4$_$10,11,reading,4.282468795776367,4.542468547821045,True,0.9286945462226868,False,True,True
-UacrmKiTn4$_$10,12,the,4.602468967437744,4.682468891143799,True,0.9477507472038269,False,True,True
-UacrmKiTn4$_$10,13,material,4.722468852996826,5.282468795776367,True,0.988021194934845,False,True,True
-UacrmKiTn4$_$10,14,they,5.96246862411499,6.0824689865112305,True,0.9996856451034546,False,True,True
-UacrmKiTn4$_$10,15,won't,6.1424689292907715,6.342468738555908,True,0.9565837383270264,False,True,True
-UacrmKiTn4$_$10,16,do,6.402468681335449,6.502468585968018,True,0.9999485611915588,False,True,True
-UacrmKiTn4$_$10,17,it,6.622468948364258,6.682468891143799,True,0.27370375394821167,False,True,True
-UacrmKiTn4$_$4,0,Just,0.5224687457084656,0.702468752861023,True,0.9988771677017212,False,True,True
-UacrmKiTn4$_$4,1,given,0.7624687552452087,0.9624687433242798,True,0.9990642666816711,False,True,True
-UacrmKiTn4$_$4,2,to,1.0224688053131104,1.0824687480926514,True,0.9756271243095398,False,True,True
-UacrmKiTn4$_$4,3,their,1.1424686908721924,1.3024687767028809,True,0.9867013692855835,False,True,True
-UacrmKiTn4$_$4,4,own,1.3824687004089355,1.4824687242507935,True,0.999872088432312,False,True,True
-UacrmKiTn4$_$4,5,devices,1.542468786239624,2.102468729019165,True,0.9814411401748657,False,True,True
-UacrmKiTn4$_$4,6,they,2.1824686527252197,2.302468776702881,True,0.9975223541259766,False,True,True
-UacrmKiTn4$_$4,7,are,2.362468719482422,2.4424686431884766,True,0.9945976138114929,False,True,True
-UacrmKiTn4$_$4,8,not,2.5224688053131104,2.6824686527252197,True,0.9999217391014099,False,True,True
-UacrmKiTn4$_$4,9,going,2.7624688148498535,3.0024688243865967,True,0.9997677803039551,False,True,True
-UacrmKiTn4$_$4,10,to,3.0824687480926514,3.1424686908721924,True,0.9998571276664734,False,True,True
-UacrmKiTn4$_$4,11,read,3.222468852996826,3.3824687004089355,True,0.9984994530677795,False,True,True
-UacrmKiTn4$_$4,12,the,3.4424686431884766,3.5024688243865967,True,0.9916356801986694,False,True,True
-UacrmKiTn4$_$4,13,textbook,3.5624687671661377,4.0824689865112305,True,0.9795076847076416,False,True,True
-hnBHBN8p5A$_$7,0,Picture,0.04246874898672104,0.8224687576293945,True,2.475706787663512e-05,True,True,False
-hnBHBN8p5A$_$7,1,this,0.9424687623977661,1.0224688053131104,True,5.412907285062829e-06,True,True,False
-hnBHBN8p5A$_$7,2,before,1.1624687910079956,1.8424687385559082,True,0.0012236793991178274,True,True,False
-hnBHBN8p5A$_$7,3,we,1.9824687242507935,2.0624687671661377,True,1.2396125157465576e-06,True,True,False
-hnBHBN8p5A$_$7,4,actually,2.102468729019165,2.4424686431884766,True,9.986141958506778e-05,True,True,False
-hnBHBN8p5A$_$7,5,start,3.5024688243865967,3.6824686527252197,True,4.012406861875206e-05,True,True,False
-hnBHBN8p5A$_$7,6,hacking,3.74246883392334,4.0824689865112305,True,1.969248114619404e-05,True,True,False
-hnBHBN8p5A$_$7,7,we’re,4.182468891143799,4.5824689865112305,True,0.00010665134323062375,True,True,False
-hnBHBN8p5A$_$7,8,in,5.022468566894531,5.102468967437744,True,0.005553334951400757,True,True,False
-hnBHBN8p5A$_$7,9,a,5.182468891143799,5.2024688720703125,True,0.005302626173943281,True,True,False
-hnBHBN8p5A$_$7,10,room,5.342468738555908,5.46246862411499,True,2.9431417715386488e-05,True,True,False
-hnBHBN8p5A$_$7,11,formal,5.522468566894531,5.862468719482422,True,9.9632736237254e-05,True,True,False
-hnBHBN8p5A$_$7,12,setting,6.942468643188477,7.2624688148498535,True,0.028400158509612083,True,True,False
-hnBHBN8p5A$_$6,0,Discussion,0.30246874690055847,0.6224687695503235,True,0.00011989657650701702,True,True,False
-hnBHBN8p5A$_$6,1,how,0.6824687719345093,0.8024687767028809,True,0.00016326502372976393,True,True,False
-hnBHBN8p5A$_$6,2,to,0.8624687790870667,0.9224687218666077,True,0.003994972910732031,True,True,False
-hnBHBN8p5A$_$6,3,discuss,0.9424687623977661,1.2424687147140503,True,0.00025818205904215574,True,True,False
-hnBHBN8p5A$_$6,4,ideas,1.602468729019165,1.7224687337875366,True,0.0006679957150481641,True,True,False
-hnBHBN8p5A$_$6,5,and,1.762468695640564,1.8424687385559082,True,0.011474451050162315,True,True,False
-hnBHBN8p5A$_$6,6,opinions,1.8624687194824219,2.2024686336517334,True,0.026135141029953957,True,True,False
-hnBHBN8p5A$_$6,7,more,3.8824687004089355,3.982468843460083,True,0.0008285275544039905,True,True,False
-hnBHBN8p5A$_$6,8,effectively,4.042468547821045,4.5824689865112305,True,0.00016683799913153052,True,True,False
-hnBHBN8p5A$_$6,9,than,4.622468948364258,4.8824687004089355,True,0.0006475291447713971,True,True,False
-hnBHBN8p5A$_$6,10,a,5.74246883392334,5.7624688148498535,True,0.96296226978302,False,True,False
-hnBHBN8p5A$_$6,11,native,5.8824687004089355,6.182468891143799,True,0.0006741906399838626,True,True,False
-hnBHBN8p5A$_$6,12,speaker,6.2024688720703125,6.3824687004089355,True,0.003677185857668519,True,True,False
-qDkUB0GgYY$_$6,0,We,0.10246875137090683,0.22246874868869781,True,0.018341578543186188,True,True,True
-qDkUB0GgYY$_$6,1,always,0.6424687504768372,0.8624687790870667,True,0.9625922441482544,False,True,True
-qDkUB0GgYY$_$6,2,love,0.9824687242507935,1.1424686908721924,True,0.9988402724266052,False,True,True
-qDkUB0GgYY$_$6,3,to,1.202468752861023,1.2424687147140503,True,0.9901149272918701,False,True,True
-qDkUB0GgYY$_$6,4,hear,1.2824687957763672,1.4024688005447388,True,0.9215120673179626,False,True,True
-qDkUB0GgYY$_$6,5,what,1.4424687623977661,1.542468786239624,True,0.9981075525283813,False,True,True
-qDkUB0GgYY$_$6,6,you,1.5624687671661377,1.6424686908721924,True,0.94352126121521,False,True,True
-qDkUB0GgYY$_$6,7,say,1.9024688005447388,2.1224687099456787,True,0.9985692501068115,False,True,True
-qDkUB0GgYY$_$6,8,and,2.5824687480926514,2.662468671798706,True,0.9785823225975037,False,True,True
-qDkUB0GgYY$_$6,9,like,2.74246883392334,2.902468681335449,True,0.8068640232086182,False,True,True
-qDkUB0GgYY$_$6,10,and,2.9424686431884766,3.0024688243865967,True,0.15743158757686615,False,True,True
-qDkUB0GgYY$_$6,11,share,3.0224688053131104,3.2624688148498535,True,0.11588570475578308,False,True,True
-qDkUB0GgYY$_$6,12,this,3.3224687576293945,3.402468681335449,True,0.05598826706409454,True,True,True
-qDkUB0GgYY$_$6,13,video,3.4424686431884766,3.5624687671661377,True,0.003010698826983571,True,True,True
-qDkUB0GgYY$_$6,14,as,3.602468729019165,3.6824686527252197,True,0.7417916059494019,False,True,True
-qDkUB0GgYY$_$6,15,well,3.782468795776367,4.002468585968018,True,0.9908267259597778,False,True,True
-uywlfIYOS8$_$4,0,And,0.022468749433755875,0.7824687361717224,True,0.30532148480415344,False,True,True
-uywlfIYOS8$_$4,1,then,1.1824687719345093,1.2824687957763672,True,0.9932199120521545,False,True,True
-uywlfIYOS8$_$4,2,from,1.3624687194824219,1.4824687242507935,True,0.9464371204376221,False,True,True
-uywlfIYOS8$_$4,3,a,1.542468786239624,1.5624687671661377,True,0.9905559420585632,False,True,True
-uywlfIYOS8$_$4,4,brand,1.6824687719345093,2.0224688053131104,True,0.9523636698722839,False,True,True
-uywlfIYOS8$_$4,5,point,2.102468729019165,2.302468776702881,True,0.9883511066436768,False,True,True
-uywlfIYOS8$_$4,6,of,2.3824687004089355,2.422468662261963,True,0.9807448983192444,False,True,True
-uywlfIYOS8$_$4,7,view,2.4624688625335693,2.5624687671661377,True,0.9998407959938049,False,True,True
-uywlfIYOS8$_$4,8,we,2.6424686908721924,2.722468852996826,True,0.9998632073402405,False,True,True
-uywlfIYOS8$_$4,9,need,2.8224687576293945,3.0024688243865967,True,0.9912528395652771,False,True,True
-uywlfIYOS8$_$4,10,to,3.0824687480926514,3.1424686908721924,True,0.9887429475784302,False,True,True
-uywlfIYOS8$_$4,11,make,3.2024686336517334,3.342468738555908,True,0.9618915319442749,False,True,True
-uywlfIYOS8$_$4,12,sure,3.3824687004089355,3.5024688243865967,True,0.9997557401657104,False,True,True
-uywlfIYOS8$_$4,13,we're,3.6824686527252197,3.862468719482422,True,0.9293004274368286,False,True,True
-uywlfIYOS8$_$4,14,driving,3.902468681335449,4.2024688720703125,True,0.964806854724884,False,True,True
-uywlfIYOS8$_$4,15,the,4.24246883392334,4.302468776702881,True,0.9931243062019348,False,True,True
-uywlfIYOS8$_$4,16,relevant,4.362468719482422,4.7024688720703125,True,0.25157302618026733,False,True,True
-uywlfIYOS8$_$4,17,insight,4.862468719482422,5.2624688148498535,True,0.9981324076652527,False,True,True
-6rXp3zJ3kc$_$8,0,Many,0.5224687457084656,0.702468752861023,True,0.9355234503746033,False,True,True
-6rXp3zJ3kc$_$8,1,people,0.7824687361717224,0.9824687242507935,True,0.9989355802536011,False,True,True
-6rXp3zJ3kc$_$8,2,are,1.0624687671661377,1.1424686908721924,True,0.938528835773468,False,True,True
-6rXp3zJ3kc$_$8,3,not,1.2424687147140503,1.5024687051773071,True,0.983979344367981,False,True,True
-6rXp3zJ3kc$_$8,4,until,1.5824687480926514,1.8224687576293945,True,0.9791557192802429,False,True,True
-6rXp3zJ3kc$_$8,5,they,1.8624687194824219,1.9624687433242798,True,0.9947344660758972,False,True,True
-6rXp3zJ3kc$_$8,6,get,2.0224688053131104,2.1824686527252197,True,0.9294479489326477,False,True,True
-6rXp3zJ3kc$_$8,7,to,2.2624688148498535,2.342468738555908,True,0.855512797832489,False,True,True
-6rXp3zJ3kc$_$8,8,be,2.402468681335449,2.5024688243865967,True,0.9988803863525391,False,True,True
-6rXp3zJ3kc$_$8,9,a,2.662468671798706,2.6824686527252197,True,0.9920676350593567,False,True,True
-6rXp3zJ3kc$_$8,10,older,3.302468776702881,3.542468786239624,True,0.9936973452568054,False,True,True
-6rXp3zJ3kc$_$8,11,age,3.7624688148498535,3.922468662261963,True,0.9990540742874146,False,True,True
-6rXp3zJ3kc$_$8,12,and,4.022468566894531,4.0824689865112305,True,0.943081796169281,False,True,True
-6rXp3zJ3kc$_$8,13,they,4.122468948364258,4.222468852996826,True,0.9919604659080505,False,True,True
-6rXp3zJ3kc$_$8,14,realize,4.3224687576293945,4.722468852996826,True,0.89370197057724,False,True,True
-6rXp3zJ3kc$_$8,15,that,4.8224687576293945,4.942468643188477,True,0.9564732909202576,False,True,True
-6rXp3zJ3kc$_$8,16,gosh,5.062468528747559,5.342468738555908,True,0.6922487020492554,False,True,True
-6rXp3zJ3kc$_$8,17,they,5.74246883392334,5.842468738555908,True,0.9914441704750061,False,True,True
-6rXp3zJ3kc$_$8,18,wasted,6.002468585968018,6.3224687576293945,True,0.8663382530212402,False,True,True
-6rXp3zJ3kc$_$8,19,a,6.362468719482422,6.3824687004089355,True,0.9987117648124695,False,True,True
-6rXp3zJ3kc$_$8,20,lot,6.442468643188477,6.562468528747559,True,0.9982200860977173,False,True,True
-6rXp3zJ3kc$_$8,21,of,6.622468948364258,6.662468910217285,True,0.9995467066764832,False,True,True
-6rXp3zJ3kc$_$8,22,time,6.74246883392334,7.062468528747559,True,0.999765157699585,False,True,True
-6rXp3zJ3kc$_$8,23,and,7.1424689292907715,7.2024688720703125,True,0.9245660305023193,False,True,True
-6rXp3zJ3kc$_$8,24,money,7.3224687576293945,7.562468528747559,True,0.9442731738090515,False,True,True
-6rXp3zJ3kc$_$8,25,in,8.962469100952148,9.022468566894531,True,0.9944311380386353,False,True,True
-6rXp3zJ3kc$_$8,26,placing,9.302468299865723,9.622468948364258,True,0.9599571228027344,False,True,True
-6rXp3zJ3kc$_$8,27,bets,9.702468872070312,9.942468643188477,True,0.7382335662841797,False,True,True
-6rXp3zJ3kc$_$8,28,on,10.022468566894531,10.062468528747559,True,0.9980242848396301,False,True,True
-6rXp3zJ3kc$_$8,29,stock,10.162468910217285,10.422469139099121,True,0.9983940124511719,False,True,True
-6rXp3zJ3kc$_$8,30,that's,10.522468566894531,10.74246883392334,True,0.8760508298873901,False,True,True
-6rXp3zJ3kc$_$8,31,ultimately,10.862468719482422,11.362468719482422,True,0.9964707493782043,False,True,True
-6rXp3zJ3kc$_$8,32,lost,11.442468643188477,11.702468872070312,True,0.9878666400909424,False,True,True
-6rXp3zJ3kc$_$8,33,value,11.842469215393066,12.202468872070312,True,0.999851644039154,False,True,True
-9y-fZ3swSY$_$0,0,is,0.04246874898672104,0.16246874630451202,True,0.3074205815792084,False,True,True
-9y-fZ3swSY$_$0,1,you,0.18246875703334808,0.24246874451637268,True,0.012068665586411953,True,True,True
-9y-fZ3swSY$_$0,2,can,0.26246875524520874,0.3824687600135803,True,0.06695722788572311,True,True,True
-9y-fZ3swSY$_$0,3,say,0.4424687623977661,0.6424687504768372,True,0.995790958404541,False,True,True
-9y-fZ3swSY$_$0,4,hey,0.7824687361717224,1.042468786239624,True,0.9813608527183533,False,True,True
-9y-fZ3swSY$_$0,5,I,1.5024687051773071,1.5224688053131104,True,0.008864604867994785,True,True,True
-9y-fZ3swSY$_$0,6,really,2.042468786239624,2.302468776702881,True,0.9976902008056641,False,True,True
-9y-fZ3swSY$_$0,7,like,2.402468681335449,2.6824686527252197,True,0.9907912015914917,False,True,True
-9y-fZ3swSY$_$0,8,baby,2.982468843460083,3.2624688148498535,True,0.9118165969848633,False,True,True
-9y-fZ3swSY$_$0,9,skin,3.302468776702881,3.6424686908721924,True,0.1820775866508484,False,True,True
-9y-fZ3swSY$_$0,10,they,3.6824686527252197,3.782468795776367,True,0.29750949144363403,False,True,True
-9y-fZ3swSY$_$0,11,are,3.802468776702881,3.862468719482422,True,0.0025907589588314295,True,True,True
-9y-fZ3swSY$_$0,12,so,3.8824687004089355,4.002468585968018,True,0.9996975660324097,False,True,True
-9y-fZ3swSY$_$0,13,soft,4.282468795776367,4.602468967437744,True,0.9357898831367493,False,True,True
-9y-fZ3swSY$_$0,14,they,4.6424689292907715,4.722468852996826,True,0.8023754358291626,False,True,True
-9y-fZ3swSY$_$0,15,don’t,4.7624688148498535,4.942468643188477,True,0.8772347569465637,False,True,True
-9y-fZ3swSY$_$0,16,have,5.022468566894531,5.24246883392334,True,0.9899718165397644,False,True,True
-9y-fZ3swSY$_$0,17,any,5.3224687576293945,5.46246862411499,True,0.9467613697052002,False,True,True
-9y-fZ3swSY$_$0,18,hair,5.522468566894531,5.7024688720703125,True,0.9963710308074951,False,True,True
-9y-fZ3swSY$_$0,19,on,5.7624688148498535,5.8224687576293945,True,0.9873142242431641,False,True,True
-9y-fZ3swSY$_$0,20,their,5.862468719482422,5.982468605041504,True,0.3344641327857971,False,True,True
-9y-fZ3swSY$_$0,21,face,6.022468566894531,6.282468795776367,True,0.2866879999637604,False,True,True
-9y-fZ3swSY$_$4,0,I’ve,0.3424687385559082,0.5024687647819519,True,0.4269719123840332,False,True,True
-9y-fZ3swSY$_$4,1,seen,0.5624687671661377,0.702468752861023,True,0.668403148651123,False,True,True
-9y-fZ3swSY$_$4,2,this,0.7624687552452087,0.9224687218666077,True,0.09970897436141968,True,True,True
-9y-fZ3swSY$_$4,3,in,1.042468786239624,1.0824687480926514,True,0.12297764420509338,False,True,True
-9y-fZ3swSY$_$4,4,US,1.2224687337875366,1.4824687242507935,True,0.41430264711380005,False,True,True
-9y-fZ3swSY$_$4,5,or,1.8224687576293945,1.8824687004089355,True,0.985945463180542,False,True,True
-9y-fZ3swSY$_$4,6,in,1.9624687433242798,2.0024688243865967,True,0.998805046081543,False,True,True
-9y-fZ3swSY$_$4,7,the,2.042468786239624,2.1424686908721924,True,0.7426545023918152,False,True,True
-9y-fZ3swSY$_$4,8,US,2.24246883392334,2.5624687671661377,True,0.00911676324903965,True,True,True
-9y-fZ3swSY$_$8,0,That’s,0.26246875524520874,0.4424687623977661,True,0.9542422294616699,False,True,True
-9y-fZ3swSY$_$8,1,a,0.5624687671661377,0.602468729019165,True,0.6140291690826416,False,True,False
-9y-fZ3swSY$_$8,2,more,0.9624687433242798,1.1624687910079956,True,0.9937672019004822,False,True,True
-9y-fZ3swSY$_$8,3,decent,1.3624687194824219,1.8024687767028809,True,0.9064787030220032,False,True,True
-9y-fZ3swSY$_$8,4,and,2.102468729019165,2.162468671798706,True,0.9895806312561035,False,True,False
-9y-fZ3swSY$_$8,5,more,2.2024686336517334,2.3224687576293945,True,0.9969958066940308,False,True,False
-9y-fZ3swSY$_$8,6,polite,2.3824687004089355,2.802468776702881,True,0.9266793727874756,False,True,False
-9y-fZ3swSY$_$8,7,way,2.922468662261963,3.042468786239624,True,0.9579297304153442,False,True,False
-9y-fZ3swSY$_$8,8,to,3.1824686527252197,3.282468795776367,True,0.999528169631958,False,True,False
-9y-fZ3swSY$_$8,9,call,3.342468738555908,3.602468729019165,True,0.9873434901237488,False,True,False
-9y-fZ3swSY$_$8,10,a,4.002468585968018,4.022468566894531,True,0.9907128214836121,False,True,True
-9y-fZ3swSY$_$8,11,lady,4.0824689865112305,4.422468662261963,True,0.19099247455596924,False,True,True
-AUZQgSxyPQ$_$2,0,The,0.5024687647819519,0.5824687480926514,True,0.9965820908546448,False,True,True
-AUZQgSxyPQ$_$2,1,perfect,0.6424687504768372,0.9624687433242798,True,0.9997023940086365,False,True,True
-AUZQgSxyPQ$_$2,2,soul,1.042468786239624,1.2224687337875366,True,0.6798653602600098,False,True,True
-AUZQgSxyPQ$_$2,3,mate,1.3224687576293945,1.5024687051773071,True,0.25331300497055054,False,True,True
-AUZQgSxyPQ$_$2,4,to,1.602468729019165,1.6624687910079956,True,0.9939838647842407,False,True,True
-AUZQgSxyPQ$_$2,5,the,1.7224687337875366,1.7824687957763672,True,0.9664459228515625,False,True,True
-AUZQgSxyPQ$_$2,6,Clarisonic,1.8624687194824219,2.5024688243865967,True,0.4641825556755066,False,True,True
-AUZQgSxyPQ$_$2,7,Spot,3.0824687480926514,3.402468681335449,True,0.9152255654335022,False,True,True
-AUZQgSxyPQ$_$2,8,Therapy,3.5624687671661377,3.9624688625335693,True,0.39036744832992554,False,True,True
-AUZQgSxyPQ$_$2,9,Brush,4.042468547821045,4.3224687576293945,True,0.9518314599990845,False,True,True
-AUZQgSxyPQ$_$2,10,this,4.942468643188477,5.0824689865112305,True,0.9604807496070862,False,True,True
-AUZQgSxyPQ$_$2,11,gentle,5.182468891143799,5.562468528747559,True,0.9692671298980713,False,True,True
-AUZQgSxyPQ$_$2,12,Ph,5.802468776702881,6.102468967437744,True,0.47915321588516235,False,True,True
-AUZQgSxyPQ$_$2,13,balanced,6.182468891143799,6.602468967437744,True,0.9541277289390564,False,True,True
-AUZQgSxyPQ$_$2,14,and,6.74246883392334,6.8224687576293945,True,0.7379922270774841,False,True,True
-AUZQgSxyPQ$_$2,15,hydrating,6.902468681335449,7.46246862411499,True,0.9474843144416809,False,True,True
-AUZQgSxyPQ$_$2,16,exfoliant,7.6424689292907715,8.24246883392334,True,0.5265079736709595,False,True,True
-AUZQgSxyPQ$_$2,17,containing,8.762468338012695,9.18246841430664,True,0.07126691192388535,True,True,True
-AUZQgSxyPQ$_$2,18,jojoba,9.382469177246094,9.862468719482422,True,0.05684521421790123,True,True,True
-AUZQgSxyPQ$_$2,19,and,10.302468299865723,10.382469177246094,True,0.5687071681022644,False,True,True
-AUZQgSxyPQ$_$2,20,acai,10.462469100952148,10.762468338012695,True,0.6801543831825256,False,True,True
-AUZQgSxyPQ$_$2,21,fruit,11.142468452453613,11.362468719482422,True,0.520965576171875,False,True,True
-AUZQgSxyPQ$_$2,22,oils,11.482468605041504,11.68246841430664,True,0.7399470210075378,False,True,True
-AUZQgSxyPQ$_$2,23,and,12.462469100952148,12.522468566894531,True,0.002747125690802932,True,True,True
-AUZQgSxyPQ$_$2,24,bamboo,12.702468872070312,13.122468948364258,True,0.9460328221321106,False,True,True
-AUZQgSxyPQ$_$2,25,and,13.562468528747559,13.642468452453613,True,0.8359347581863403,False,True,True
-AUZQgSxyPQ$_$2,26,prickly,13.74246883392334,14.062468528747559,True,0.712364137172699,False,True,True
-AUZQgSxyPQ$_$2,27,bear,14.142468452453613,14.362468719482422,True,0.30363672971725464,False,True,True
-AUZQgSxyPQ$_$2,28,extracts,14.642468452453613,15.842469215393066,True,0.9728032350540161,False,True,True
-AUZQgSxyPQ$_$2,29,deliver,15.942468643188477,16.282468795776367,True,0.9992613196372986,False,True,True
-AUZQgSxyPQ$_$2,30,intense,16.50246810913086,16.862468719482422,True,0.9845795035362244,False,True,True
-AUZQgSxyPQ$_$2,31,healing,16.96246910095215,17.322467803955078,True,0.9949238896369934,False,True,True
-AUZQgSxyPQ$_$2,32,while,17.822467803955078,18.02246856689453,True,0.9426909685134888,False,True,True
-AUZQgSxyPQ$_$2,33,smooth,18.122468948364258,18.382469177246094,True,0.9017717242240906,False,True,True
-AUZQgSxyPQ$_$2,34,granules,18.46246910095215,18.922468185424805,True,0.31083473563194275,False,True,True
-AUZQgSxyPQ$_$2,35,buff,19.062469482421875,19.262468338012695,True,0.7599888443946838,False,True,True
-AUZQgSxyPQ$_$2,36,away,19.362468719482422,19.622468948364258,True,0.9258399605751038,False,True,True
-AUZQgSxyPQ$_$2,37,dead,20.122468948364258,20.34246826171875,True,0.8184102773666382,False,True,True
-AUZQgSxyPQ$_$2,38,dry,20.68246841430664,20.96246910095215,True,0.8237185478210449,False,True,True
-AUZQgSxyPQ$_$2,39,skin,21.202468872070312,21.402469635009766,True,0.8858000636100769,False,True,True
-AUZQgSxyPQ$_$2,40,cells,21.52246856689453,21.80246925354004,True,0.1734449714422226,False,True,True
-HeZS2-Prhc$_$2,0,The,0.14246875047683716,0.402468740940094,True,0.000931509246584028,True,True,True
-HeZS2-Prhc$_$2,1,August,1.9424687623977661,2.2024686336517334,True,0.9402232766151428,False,True,True
-HeZS2-Prhc$_$2,2,jobs,2.3224687576293945,2.6224687099456787,True,0.9812335968017578,False,True,True
-HeZS2-Prhc$_$2,3,report,2.6824686527252197,2.982468843460083,True,0.9235965609550476,False,True,True
-HeZS2-Prhc$_$2,4,is,3.0624687671661377,3.1424686908721924,True,0.15172071754932404,False,True,True
-HeZS2-Prhc$_$2,5,out,3.3224687576293945,3.422468662261963,True,0.9985150098800659,False,True,True
-HeZS2-Prhc$_$2,6,and,3.862468719482422,3.982468843460083,True,0.9834935069084167,False,True,True
-HeZS2-Prhc$_$2,7,it,4.2024688720703125,4.24246883392334,True,0.9960142970085144,False,True,True
-HeZS2-Prhc$_$2,8,was,4.302468776702881,4.402468681335449,True,0.9951562881469727,False,True,True
-HeZS2-Prhc$_$2,9,seen,4.502468585968018,4.74246883392334,True,0.99344801902771,False,True,True
-HeZS2-Prhc$_$2,10,overall,5.2624688148498535,5.7024688720703125,True,0.9972389340400696,False,True,True
-HeZS2-Prhc$_$2,11,as,6.2024688720703125,6.24246883392334,True,0.6048983335494995,False,True,True
-HeZS2-Prhc$_$2,12,solid,6.3824687004089355,6.722468852996826,True,0.9558810591697693,False,True,True
-HeZS2-Prhc$_$2,13,but,6.802468776702881,6.922468662261963,True,0.9815173149108887,False,True,True
-HeZS2-Prhc$_$2,14,not,7.022468566894531,7.2024688720703125,True,0.9953603148460388,False,True,True
-HeZS2-Prhc$_$2,15,great,7.342468738555908,8.142468452453613,True,0.17380580306053162,False,True,True
-MeTTeMJBNc$_$0,0,Okay,1.0024687051773071,1.2424687147140503,True,0.3188720643520355,False,True,True
-MeTTeMJBNc$_$0,1,what,1.3824687004089355,1.5224688053131104,True,0.9999123215675354,False,True,True
-MeTTeMJBNc$_$0,2,happens,1.6424686908721924,2.0824687480926514,True,0.9523048996925354,False,True,True
-MeTTeMJBNc$_$0,3,at,2.2024686336517334,2.24246883392334,True,0.9990631937980652,False,True,True
-MeTTeMJBNc$_$0,4,this,2.3224687576293945,2.482468843460083,True,0.994796633720398,False,True,True
-MeTTeMJBNc$_$0,5,point,2.6224687099456787,2.9424686431884766,True,0.9668254852294922,False,True,True
-MeTTeMJBNc$_$0,6,after,3.1824686527252197,3.3824687004089355,True,0.9960262775421143,False,True,True
-MeTTeMJBNc$_$0,7,we've,3.4624688625335693,3.6824686527252197,True,0.6064541935920715,False,True,True
-MeTTeMJBNc$_$0,8,taken,3.722468852996826,4.002468585968018,True,0.9930964112281799,False,True,True
-MeTTeMJBNc$_$0,9,this,4.062468528747559,4.222468852996826,True,0.9504044055938721,False,True,True
-MeTTeMJBNc$_$0,10,brief,4.46246862411499,4.7024688720703125,True,0.9986806511878967,False,True,True
-MeTTeMJBNc$_$0,11,walk,4.862468719482422,5.1424689292907715,True,0.9837456941604614,False,True,True
-MeTTeMJBNc$_$0,12,down,5.2624688148498535,5.46246862411499,True,0.9897498488426208,False,True,True
-MeTTeMJBNc$_$0,13,memory,5.5824689865112305,5.902468681335449,True,0.9585527181625366,False,True,True
-MeTTeMJBNc$_$0,14,lane,5.96246862411499,6.302468776702881,True,0.9992322325706482,False,True,True
-MeTTeMJBNc$_$0,15,is,6.842468738555908,6.902468681335449,True,0.9998561143875122,False,True,True
-MeTTeMJBNc$_$0,16,the,6.982468605041504,7.062468528747559,True,0.9709903001785278,False,True,True
-MeTTeMJBNc$_$0,17,presentation,7.122468948364258,7.862468719482422,True,0.9900819659233093,False,True,True
-MeTTeMJBNc$_$0,18,of,7.942468643188477,7.982468605041504,True,0.9994032382965088,False,True,True
-MeTTeMJBNc$_$0,19,the,8.08246898651123,8.162468910217285,True,0.9991374015808105,False,True,True
-MeTTeMJBNc$_$0,20,gift,8.222468376159668,8.58246898651123,True,0.9810281991958618,False,True,True
-MeTTeMJBNc$_$13,0,It,0.1224687471985817,0.16246874630451202,True,0.9985795617103577,False,True,True
-MeTTeMJBNc$_$13,1,just,1.0624687671661377,1.3424687385559082,True,0.7480210661888123,False,True,True
-MeTTeMJBNc$_$13,2,needs,1.4424687623977661,1.6424686908721924,True,0.9981987476348877,False,True,True
-MeTTeMJBNc$_$13,3,to,1.7224687337875366,1.7824687957763672,True,0.9997531771659851,False,True,True
-MeTTeMJBNc$_$13,4,be,1.8424687385559082,1.9224687814712524,True,0.999876856803894,False,True,True
-MeTTeMJBNc$_$13,5,a,2.0224688053131104,2.042468786239624,True,0.9964827299118042,False,True,True
-MeTTeMJBNc$_$13,6,simple,2.222468852996826,2.5624687671661377,True,0.9680213928222656,False,True,True
-MeTTeMJBNc$_$13,7,statement,2.662468671798706,3.2024686336517334,True,0.9783550500869751,False,True,True
-MeTTeMJBNc$_$13,8,and,3.5824687480926514,3.6424686908721924,True,0.9993756413459778,False,True,True
-MeTTeMJBNc$_$13,9,then,3.6824686527252197,3.782468795776367,True,0.9983372688293457,False,True,True
-MeTTeMJBNc$_$13,10,you,3.8224687576293945,3.902468681335449,True,0.9975379109382629,False,True,True
-MeTTeMJBNc$_$13,11,present,3.982468843460083,4.342468738555908,True,0.9269365668296814,False,True,True
-MeTTeMJBNc$_$13,12,the,4.402468681335449,4.482468605041504,True,0.9971902966499329,False,True,True
-MeTTeMJBNc$_$13,13,gift,4.522468566894531,4.8224687576293945,True,0.9329929947853088,False,True,True
-MeTTeMJBNc$_$7,0,Maybe,0.5424687266349792,0.7424687743186951,True,0.8930390477180481,False,True,True
-MeTTeMJBNc$_$7,1,you,0.8024687767028809,0.902468740940094,True,0.991118848323822,False,True,True
-MeTTeMJBNc$_$7,2,could,0.9624687433242798,1.1424686908721924,True,0.9017442464828491,False,True,True
-MeTTeMJBNc$_$7,3,find,1.5624687671661377,1.8624687194824219,True,0.8981987833976746,False,True,True
-MeTTeMJBNc$_$7,4,a,1.9424687623977661,1.9624687433242798,True,0.9973384737968445,False,True,True
-MeTTeMJBNc$_$7,5,picture,2.042468786239624,2.402468681335449,True,0.9565896987915039,False,True,True
-MeTTeMJBNc$_$7,6,of,2.4624688625335693,2.5024688243865967,True,0.7832853198051453,False,True,True
-MeTTeMJBNc$_$7,7,the,2.5824687480926514,2.6424686908721924,True,0.994568943977356,False,True,True
-MeTTeMJBNc$_$7,8,couple,2.7024686336517334,3.042468786239624,True,0.9916369915008545,False,True,True
-MeTTeMJBNc$_$7,9,from,3.162468671798706,3.362468719482422,True,0.9527076482772827,False,True,True
-MeTTeMJBNc$_$7,10,their,3.722468852996826,3.8824687004089355,True,0.9977521300315857,False,True,True
-MeTTeMJBNc$_$7,11,wedding,3.9424686431884766,4.362468719482422,True,0.9490189552307129,False,True,True
-MeTTeMJBNc$_$7,12,or,4.6424689292907715,4.722468852996826,True,0.9924688935279846,False,True,True
-MeTTeMJBNc$_$7,13,sometime,4.902468681335449,5.3224687576293945,True,0.9337990880012512,False,True,True
-MeTTeMJBNc$_$7,14,in,5.3824687004089355,5.422468662261963,True,0.9998418092727661,False,True,True
-MeTTeMJBNc$_$7,15,their,5.482468605041504,5.6424689292907715,True,0.9932788610458374,False,True,True
-MeTTeMJBNc$_$7,16,life,5.722468852996826,6.042468547821045,True,0.9307626485824585,False,True,True
-MeTTeMJBNc$_$7,17,or,6.162468910217285,6.2024688720703125,True,0.9973234534263611,False,True,True
-MeTTeMJBNc$_$7,18,maybe,6.2624688148498535,6.46246862411499,True,0.9882990717887878,False,True,True
-MeTTeMJBNc$_$7,19,even,6.5824689865112305,6.74246883392334,True,0.9983046650886536,False,True,True
-MeTTeMJBNc$_$7,20,a,6.802468776702881,6.8224687576293945,True,0.9964181780815125,False,True,True
-MeTTeMJBNc$_$7,21,current,6.922468662261963,7.2624688148498535,True,0.9032515287399292,False,True,True
-MeTTeMJBNc$_$7,22,picture,7.362468719482422,7.782468795776367,True,0.9500769376754761,False,True,True
-MeTTeMJBNc$_$7,23,and,8.202468872070312,8.262468338012695,True,0.998138964176178,False,True,True
-MeTTeMJBNc$_$7,24,have,8.322468757629395,8.422469139099121,True,0.6543742418289185,False,True,True
-MeTTeMJBNc$_$7,25,it,8.442468643188477,8.482468605041504,True,0.02072492614388466,True,True,True
-MeTTeMJBNc$_$7,26,put,8.58246898651123,8.722468376159668,True,0.9998912811279297,False,True,True
-MeTTeMJBNc$_$7,27,in,8.782468795776367,8.822468757629395,True,0.9967912435531616,False,True,True
-MeTTeMJBNc$_$7,28,a,8.862468719482422,8.90246868133545,True,0.8954625725746155,False,True,True
-MeTTeMJBNc$_$7,29,beautiful,8.922469139099121,9.282468795776367,True,0.9899343252182007,False,True,True
-MeTTeMJBNc$_$7,30,frame,9.40246868133545,9.842469215393066,True,0.20214687287807465,False,True,True
-RfYyzHpjk4$_$11,0,So,0.5824687480926514,0.7224687337875366,True,0.9992256760597229,False,True,True
-RfYyzHpjk4$_$11,1,get,1.3424687385559082,1.4624687433242798,True,0.9988940954208374,False,True,True
-RfYyzHpjk4$_$11,2,your,1.5224688053131104,1.6224687099456787,True,0.9979705214500427,False,True,True
-RfYyzHpjk4$_$11,3,friends,1.6424686908721924,1.8624687194824219,True,0.9762121438980103,False,True,True
-RfYyzHpjk4$_$11,4,lined,1.9224687814712524,2.1424686908721924,True,0.5971038937568665,False,True,True
-RfYyzHpjk4$_$11,5,up,2.24246883392334,2.302468776702881,True,0.9945055842399597,False,True,True
-RfYyzHpjk4$_$11,6,get,2.402468681335449,2.5224688053131104,True,0.9193031191825867,False,True,True
-RfYyzHpjk4$_$11,7,your,2.5824687480926514,2.6824686527252197,True,0.9261701703071594,False,True,True
-RfYyzHpjk4$_$11,8,business,2.722468852996826,2.9624688625335693,True,0.9695644974708557,False,True,True
-RfYyzHpjk4$_$11,9,colleagues,2.982468843460083,3.302468776702881,True,0.32835114002227783,False,True,True
-RfYyzHpjk4$_$11,10,lined,3.342468738555908,3.5624687671661377,True,0.6882408261299133,False,True,True
-RfYyzHpjk4$_$11,11,up,3.662468671798706,3.722468852996826,True,0.9987998008728027,False,True,True
-RfYyzHpjk4$_$11,12,and,3.802468776702881,3.862468719482422,True,0.981022834777832,False,True,True
-RfYyzHpjk4$_$11,13,have,3.902468681335449,4.022468566894531,True,0.9569806456565857,False,True,True
-RfYyzHpjk4$_$11,14,a,4.062468528747559,4.102468967437744,True,0.8158038258552551,False,True,True
-RfYyzHpjk4$_$11,15,good,4.122468948364258,4.2624688148498535,True,0.9787771105766296,False,True,True
-RfYyzHpjk4$_$11,16,time,4.302468776702881,4.502468585968018,True,0.9884735345840454,False,True,True
-RfYyzHpjk4$_$8,0,It's,0.48246875405311584,0.5824687480926514,True,0.7844851016998291,False,True,True
-RfYyzHpjk4$_$8,1,pretty,0.702468752861023,0.9624687433242798,True,0.9988553524017334,False,True,True
-RfYyzHpjk4$_$8,2,pretty,1.0224688053131104,1.262468695640564,True,0.9993694424629211,False,True,True
-RfYyzHpjk4$_$8,3,easy,1.3424687385559082,1.5224688053131104,True,0.9940382838249207,False,True,True
-RfYyzHpjk4$_$8,4,to,1.602468729019165,1.6424686908721924,True,0.9991500377655029,False,True,True
-RfYyzHpjk4$_$8,5,do,1.702468752861023,1.8024687767028809,True,0.9997774958610535,False,True,True
-RfYyzHpjk4$_$8,6,but,1.9224687814712524,2.0024688243865967,True,0.9618531465530396,False,True,True
-RfYyzHpjk4$_$8,7,you,2.0224688053131104,2.0824687480926514,True,0.9999279379844666,False,True,True
-RfYyzHpjk4$_$8,8,got,2.2024686336517334,2.3224687576293945,True,0.8226613998413086,False,True,True
-RfYyzHpjk4$_$8,9,to,2.342468738555908,2.402468681335449,True,0.5955904126167297,False,True,True
-RfYyzHpjk4$_$8,10,set,2.4624688625335693,2.6224687099456787,True,0.9709140062332153,False,True,True
-RfYyzHpjk4$_$8,11,up,2.6824686527252197,2.7624688148498535,True,0.8479874730110168,False,True,True
-RfYyzHpjk4$_$8,12,those,2.8224687576293945,2.982468843460083,True,0.9986386895179749,False,True,True
-RfYyzHpjk4$_$8,13,numbers,3.042468786239624,3.302468776702881,True,0.9575654864311218,False,True,True
-RfYyzHpjk4$_$8,14,ahead,3.362468719482422,3.542468786239624,True,0.9909225106239319,False,True,True
-RfYyzHpjk4$_$8,15,of,3.602468729019165,3.6424686908721924,True,0.9984047412872314,False,True,True
-RfYyzHpjk4$_$8,16,time,3.722468852996826,3.9424686431884766,True,0.9989959597587585,False,True,True
-RfYyzHpjk4$_$2,0,You,0.5024687647819519,0.5824687480926514,True,0.2385791838169098,False,True,True
-RfYyzHpjk4$_$2,1,can,0.6224687695503235,0.702468752861023,True,0.9793451428413391,False,True,True
-RfYyzHpjk4$_$2,2,make,0.7624687552452087,0.902468740940094,True,0.9031704068183899,False,True,True
-RfYyzHpjk4$_$2,3,a,0.9424687623977661,0.9624687433242798,True,0.9851070046424866,False,True,True
-RfYyzHpjk4$_$2,4,conference,1.0024687051773071,1.3424687385559082,True,0.8434732556343079,False,True,True
-RfYyzHpjk4$_$2,5,call,1.3824687004089355,1.5224688053131104,True,0.9954401850700378,False,True,True
-RfYyzHpjk4$_$2,6,but,1.5824687480926514,1.6424686908721924,True,0.8066372871398926,False,True,True
-RfYyzHpjk4$_$2,7,it,1.6824687719345093,1.7224687337875366,True,0.0020352175924926996,True,True,True
-RfYyzHpjk4$_$2,8,takes,1.762468695640564,1.9824687242507935,True,0.01984105445444584,True,True,True
-RfYyzHpjk4$_$2,9,quite,2.042468786239624,2.2024686336517334,True,0.11089017987251282,False,True,True
-RfYyzHpjk4$_$2,10,a,2.282468795776367,2.302468776702881,True,0.6625435948371887,False,True,True
-RfYyzHpjk4$_$2,11,bit,2.3224687576293945,2.422468662261963,True,0.9181188344955444,False,True,True
-RfYyzHpjk4$_$2,12,of,2.482468843460083,2.5224688053131104,True,0.6421570181846619,False,True,True
-RfYyzHpjk4$_$2,13,planning,2.5824687480926514,2.842468738555908,True,0.5583955645561218,False,True,True
-RfYyzHpjk4$_$2,14,well,2.862468719482422,2.9624688625335693,True,0.5622828006744385,False,True,True
-RfYyzHpjk4$_$2,15,not,2.982468843460083,3.0624687671661377,True,0.9969322681427002,False,True,True
-RfYyzHpjk4$_$2,16,a,3.1224687099456787,3.1424686908721924,True,0.994296133518219,False,True,False
-RfYyzHpjk4$_$2,17,lot,3.1824686527252197,3.3224687576293945,True,0.8896782994270325,False,True,True
-RfYyzHpjk4$_$2,18,of,3.362468719482422,3.422468662261963,True,0.9518275856971741,False,True,True
-RfYyzHpjk4$_$2,19,planning,3.4624688625335693,3.782468795776367,True,0.8863682150840759,False,True,True
-RfYyzHpjk4$_$2,20,it's,3.8224687576293945,3.922468662261963,True,0.9836209416389465,False,True,True
-RfYyzHpjk4$_$2,21,pretty,3.982468843460083,4.2024688720703125,True,0.9145451188087463,False,True,True
-RfYyzHpjk4$_$2,22,easy,4.282468795776367,4.46246862411499,True,0.9434019923210144,False,True,True
-RfYyzHpjk4$_$2,23,to,4.6424689292907715,4.7624688148498535,True,0.014868570491671562,True,True,True
-RfYyzHpjk4$_$2,24,do,5.2624688148498535,5.362468719482422,True,0.002329705050215125,True,True,True
-UUCSKoHeMA$_$0,0,I,1.4424687623977661,1.4624687433242798,True,0.12385508418083191,False,True,True
-UUCSKoHeMA$_$0,1,mentioned,1.6424686908721924,2.0024688243865967,True,0.9809399247169495,False,True,True
-UUCSKoHeMA$_$0,2,a,2.0624687671661377,2.0824687480926514,True,0.9090024828910828,False,True,True
-UUCSKoHeMA$_$0,3,word,2.1224687099456787,2.4424686431884766,True,0.9620184898376465,False,True,True
-UUCSKoHeMA$_$0,4,in,2.6824686527252197,2.722468852996826,True,0.6119558811187744,False,True,True
-UUCSKoHeMA$_$0,5,the,2.802468776702881,2.862468719482422,True,0.9766011238098145,False,True,True
-UUCSKoHeMA$_$0,6,last,2.922468662261963,3.2024686336517334,True,0.986070454120636,False,True,True
-UUCSKoHeMA$_$0,7,clip,3.362468719482422,3.6224687099456787,True,0.9658994674682617,False,True,True
-UUCSKoHeMA$_$0,8,called,3.7624688148498535,4.002468585968018,True,0.9990375638008118,False,True,True
-UUCSKoHeMA$_$0,9,monotone,4.182468891143799,4.96246862411499,True,0.8602812886238098,False,True,True
-UUCSKoHeMA$_$0,10,and,5.46246862411499,5.542468547821045,True,0.8925447463989258,False,True,True
-UUCSKoHeMA$_$0,11,I,5.5824689865112305,5.602468967437744,True,0.9889469146728516,False,True,True
-UUCSKoHeMA$_$0,12,want,5.662468910217285,5.782468795776367,True,0.9811570644378662,False,True,True
-UUCSKoHeMA$_$0,13,to,5.802468776702881,5.862468719482422,True,0.8188899159431458,False,True,True
-UUCSKoHeMA$_$0,14,talk,5.922468662261963,6.102468967437744,True,0.9920198321342468,False,True,True
-UUCSKoHeMA$_$0,15,about,6.2024688720703125,6.422468662261963,True,0.9865666627883911,False,True,True
-UUCSKoHeMA$_$0,16,that,6.482468605041504,6.6424689292907715,True,0.963307797908783,False,True,True
-UUCSKoHeMA$_$0,17,briefly,6.74246883392334,7.182468891143799,True,0.9890074133872986,False,True,True
-ri04Z7vwnc$_$0,0,going,0.0624687485396862,0.18246875703334808,True,0.0037191833835095167,True,True,False
-ri04Z7vwnc$_$0,1,to,0.20246875286102295,0.32246875762939453,True,0.13941912353038788,False,True,False
-ri04Z7vwnc$_$0,2,get,0.5424687266349792,0.6224687695503235,True,0.006275023799389601,True,True,False
-ri04Z7vwnc$_$0,3,married,0.702468752861023,1.2224687337875366,True,0.006621981039643288,True,True,False
-ri04Z7vwnc$_$0,4,or,1.262468695640564,1.3224687576293945,True,0.012428630143404007,True,True,False
-ri04Z7vwnc$_$0,5,are,1.4824687242507935,1.5624687671661377,True,0.02425939217209816,True,True,False
-ri04Z7vwnc$_$0,6,already,1.8824687004089355,2.0624687671661377,True,0.021780213341116905,True,True,False
-ri04Z7vwnc$_$0,7,married,2.2024686336517334,2.722468852996826,True,0.035104915499687195,True,True,False
-ri04Z7vwnc$_$2,0,most,0.04246874898672104,0.30246874690055847,True,0.0033732622396200895,True,True,False
-ri04Z7vwnc$_$2,1,people,0.42246875166893005,0.8024687767028809,True,0.007994122803211212,True,True,False
-ri04Z7vwnc$_$2,2,think,0.902468740940094,1.102468729019165,True,0.0030793161131441593,True,True,False
-ri04Z7vwnc$_$2,3,it'll,1.1824687719345093,1.7824687957763672,True,0.005889527034014463,True,True,False
-ri04Z7vwnc$_$2,4,sort,1.9024688005447388,2.74246883392334,True,0.0028725629672408104,True,True,False
-ri04Z7vwnc$_$2,5,itself,2.7624688148498535,2.8824687004089355,True,0.00034184748074039817,True,True,False
-ri04Z7vwnc$_$2,6,out,2.9424686431884766,3.0224688053131104,True,0.005199199076741934,True,True,False
-ri04Z7vwnc$_$2,7,we'll,3.1824686527252197,3.5224688053131104,True,0.0007231802446767688,True,True,False
-ri04Z7vwnc$_$2,8,discuss,3.542468786239624,3.862468719482422,True,0.0007207862217910588,True,True,True
-ri04Z7vwnc$_$2,9,it,3.8824687004089355,3.922468662261963,True,0.00032921964884735644,True,True,True
-ri04Z7vwnc$_$2,10,later,4.24246883392334,4.46246862411499,True,0.0009780513355508447,True,True,True
-ri04Z7vwnc$_$2,11,it's,4.842468738555908,4.96246862411499,True,0.010866704396903515,True,True,True
-ri04Z7vwnc$_$2,12,not,5.022468566894531,5.0824689865112305,True,0.0005098715773783624,True,True,True
-ri04Z7vwnc$_$2,13,something,5.122468948364258,5.302468776702881,True,9.775254875421524e-05,True,True,True
-ri04Z7vwnc$_$2,14,too,5.3224687576293945,5.402468681335449,True,0.0018217578763142228,True,True,True
-ri04Z7vwnc$_$2,15,important,5.422468662261963,5.96246862411499,True,0.001288121216930449,True,True,True
-ri04Z7vwnc$_$5,0,So,0.0624687485396862,0.1224687471985817,True,0.0019148640567436814,True,True,True
-ri04Z7vwnc$_$5,1,I,0.26246875524520874,0.2824687361717224,True,0.00016312279331032187,True,True,True
-ri04Z7vwnc$_$5,2,think,0.4624687433242798,0.7424687743186951,True,4.7291639930335805e-05,True,True,True
-ri04Z7vwnc$_$5,3,it's,0.902468740940094,1.0824687480926514,True,3.350650513311848e-05,True,True,True
-ri04Z7vwnc$_$5,4,important,1.2224687337875366,1.7224687337875366,True,0.0012647280236706138,True,True,True
-ri04Z7vwnc$_$5,5,to,2.302468776702881,2.342468738555908,True,0.023093827068805695,True,True,True
-ri04Z7vwnc$_$5,6,discuss,2.5224688053131104,2.8824687004089355,True,0.00022298919793684036,True,True,True
-ri04Z7vwnc$_$5,7,finances,2.902468681335449,3.4424686431884766,True,0.02211395651102066,True,True,True
-s9qJ7ATP7w$_$1,0,But,0.5424687266349792,0.8424687385559082,True,0.018223607912659645,True,True,True
-s9qJ7ATP7w$_$1,1,the,1.3624687194824219,1.4224687814712524,True,0.9660045504570007,False,True,True
-s9qJ7ATP7w$_$1,2,hardest,1.4824687242507935,1.7424687147140503,True,0.9994381666183472,False,True,True
-s9qJ7ATP7w$_$1,3,thing,1.762468695640564,1.8824687004089355,True,0.9993602633476257,False,True,True
-s9qJ7ATP7w$_$1,4,in,1.9424687623977661,1.9824687242507935,True,0.9896853566169739,False,True,True
-s9qJ7ATP7w$_$1,5,life,2.0224688053131104,2.162468671798706,True,0.9821600914001465,False,True,True
-s9qJ7ATP7w$_$1,6,to,2.2024686336517334,2.2624688148498535,True,0.9041145443916321,False,True,True
-s9qJ7ATP7w$_$1,7,learn,2.3224687576293945,2.542468786239624,True,0.9687812328338623,False,True,True
-s9qJ7ATP7w$_$1,8,is,3.1424686908721924,3.2024686336517334,True,0.8833760619163513,False,True,True
-s9qJ7ATP7w$_$1,9,to,3.2624688148498535,3.342468738555908,True,0.9280139803886414,False,True,True
-s9qJ7ATP7w$_$1,10,lose,3.402468681335449,4.2624688148498535,True,0.8307616710662842,False,True,True
-s9qJ7ATP7w$_$0,0,they,0.022468749433755875,0.10246875137090683,True,0.06950730085372925,True,True,True
-s9qJ7ATP7w$_$0,1,have,0.18246875703334808,0.2824687361717224,True,0.3901297450065613,False,True,True
-s9qJ7ATP7w$_$0,2,doubt,0.3424687385559082,0.602468729019165,True,0.9848689436912537,False,True,True
-s9qJ7ATP7w$_$0,3,they,0.6824687719345093,0.7824687361717224,True,0.9825552105903625,False,True,True
-s9qJ7ATP7w$_$0,4,have,0.8624687790870667,0.9624687433242798,True,0.7175162434577942,False,True,True
-s9qJ7ATP7w$_$0,5,fear,1.0824687480926514,1.3224687576293945,True,0.9909175038337708,False,True,True
-s9qJ7ATP7w$_$0,6,they,1.7224687337875366,1.8224687576293945,True,0.7923958897590637,False,True,True
-s9qJ7ATP7w$_$0,7,lose,1.8824687004089355,2.102468729019165,True,0.4936893880367279,False,True,True
-s9qJ7ATP7w$_$0,8,in,2.162468671798706,2.2024686336517334,True,0.8939058780670166,False,True,True
-s9qJ7ATP7w$_$0,9,a,2.2624688148498535,2.282468795776367,True,0.8616511225700378,False,True,True
-s9qJ7ATP7w$_$0,10,Ferrari,2.342468738555908,2.7624688148498535,True,0.3801579773426056,False,True,True
-s9qJ7ATP7w$_$0,11,race,2.842468738555908,3.0824687480926514,True,0.9982721209526062,False,True,True
-s9qJ7ATP7w$_$0,12,or,3.1424686908721924,3.2024686336517334,True,0.990968644618988,False,True,True
-s9qJ7ATP7w$_$0,13,they,3.2624688148498535,3.362468719482422,True,0.18859966099262238,False,True,True
-s9qJ7ATP7w$_$0,14,lose,3.422468662261963,3.6824686527252197,True,0.8889323472976685,False,True,True
-s9qJ7ATP7w$_$0,15,in,3.802468776702881,3.842468738555908,True,0.70485520362854,False,True,True
-s9qJ7ATP7w$_$0,16,a,4.102468967437744,4.122468948364258,True,0.9292712807655334,False,True,True
-s9qJ7ATP7w$_$0,17,race,4.522468566894531,4.782468795776367,True,0.9560022950172424,False,True,True
-s9qJ7ATP7w$_$0,18,and,5.182468891143799,5.24246883392334,True,0.9657708406448364,False,True,True
-s9qJ7ATP7w$_$0,19,then,5.282468795776367,5.362468719482422,True,0.9540296792984009,False,True,True
-s9qJ7ATP7w$_$0,20,they,5.422468662261963,5.522468566894531,True,0.9950605034828186,False,True,True
-s9qJ7ATP7w$_$0,21,just,5.5824689865112305,5.74246883392334,True,0.9791044592857361,False,True,True
-s9qJ7ATP7w$_$0,22,give,5.782468795776367,5.922468662261963,True,0.9985458254814148,False,True,True
-s9qJ7ATP7w$_$0,23,up,6.0824689865112305,6.122468948364258,True,0.9959520697593689,False,True,True
-s9qJ7ATP7w$_$5,0,I,0.402468740940094,0.42246875166893005,True,0.00019634992349892855,True,True,True
-s9qJ7ATP7w$_$5,1,have,0.5224687457084656,0.7424687743186951,True,0.9963290095329285,False,True,True
-s9qJ7ATP7w$_$5,2,been,1.4624687433242798,1.6224687099456787,True,0.9649199843406677,False,True,True
-s9qJ7ATP7w$_$5,3,beat,1.7424687147140503,2.0024688243865967,True,0.9986571073532104,False,True,True
-s9qJ7ATP7w$_$5,4,up,2.302468776702881,2.3824687004089355,True,0.989105761051178,False,True,True
-s9qJ7ATP7w$_$5,5,and,2.5824687480926514,2.662468671798706,True,0.9994758367538452,False,True,True
-s9qJ7ATP7w$_$5,6,put,2.842468738555908,3.0224688053131104,True,0.9980195164680481,False,True,True
-s9qJ7ATP7w$_$5,7,down,3.102468729019165,3.542468786239624,True,0.9209750890731812,False,True,True
-s9qJ7ATP7w$_$5,8,and,3.902468681335449,3.982468843460083,True,0.9994286298751831,False,True,True
-s9qJ7ATP7w$_$5,9,everything,4.902468681335449,5.222468852996826,True,0.9721553921699524,False,True,True
-s9qJ7ATP7w$_$5,10,that,5.2624688148498535,5.362468719482422,True,0.9497012495994568,False,True,True
-s9qJ7ATP7w$_$5,11,can,5.422468662261963,5.522468566894531,True,0.999133288860321,False,True,True
-s9qJ7ATP7w$_$5,12,go,5.602468967437744,5.7024688720703125,True,0.9996999502182007,False,True,True
-s9qJ7ATP7w$_$5,13,wrong,5.862468719482422,6.222468852996826,True,0.9058095812797546,False,True,True
-s9qJ7ATP7w$_$5,14,has,6.7024688720703125,6.802468776702881,True,0.9966171383857727,False,True,True
-s9qJ7ATP7w$_$5,15,gone,6.862468719482422,7.062468528747559,True,0.9854809641838074,False,True,True
-s9qJ7ATP7w$_$5,16,wrong,7.122468948364258,7.362468719482422,True,0.9218380451202393,False,True,True
-s9qJ7ATP7w$_$5,17,for,7.482468605041504,7.622468948364258,True,0.8991349935531616,False,True,True
-s9qJ7ATP7w$_$5,18,me,7.7024688720703125,7.802468776702881,True,0.9997288584709167,False,True,True
-s9qJ7ATP7w$_$4,0,I,0.10246875137090683,0.1224687471985817,True,0.5961291790008545,False,True,True
-s9qJ7ATP7w$_$4,1,have,0.7224687337875366,0.8424687385559082,True,0.9260014295578003,False,True,False
-s9qJ7ATP7w$_$4,2,lost,0.902468740940094,1.1424686908721924,True,0.9919863343238831,False,True,False
-s9qJ7ATP7w$_$4,3,at,1.3224687576293945,1.3624687194824219,True,0.9765533208847046,False,True,False
-s9qJ7ATP7w$_$4,4,everything,1.6824687719345093,2.0824687480926514,True,0.9911984801292419,False,True,True
-s9qJ7ATP7w$_$4,5,you,2.1424686908721924,2.222468852996826,True,0.9998048543930054,False,True,True
-s9qJ7ATP7w$_$4,6,can,2.282468795776367,2.3824687004089355,True,0.9994789361953735,False,True,True
-s9qJ7ATP7w$_$4,7,imagine,2.482468843460083,2.842468738555908,True,0.9950585961341858,False,True,True
-s9qJ7ATP7w$_$4,8,seriously,3.0024688243865967,3.4424686431884766,True,0.09650227427482605,True,True,True
-s9qJ7ATP7w$_$7,0,I,0.5624687671661377,0.5824687480926514,True,0.8243014812469482,False,True,False
-s9qJ7ATP7w$_$7,1,used,0.6824687719345093,0.7824687361717224,True,0.91959547996521,False,True,False
-s9qJ7ATP7w$_$7,2,to,0.8024687767028809,0.8624687790870667,True,0.9777655601501465,False,True,False
-s9qJ7ATP7w$_$7,3,work,0.8824687600135803,0.9824687242507935,True,0.9994041323661804,False,True,False
-s9qJ7ATP7w$_$7,4,for,1.042468786239624,1.1224687099456787,True,0.9984642863273621,False,True,False
-s9qJ7ATP7w$_$7,5,Warren,1.1624687910079956,1.4024688005447388,True,0.7875512838363647,False,True,False
-s9qJ7ATP7w$_$7,6,Avis,1.4424687623977661,1.6824687719345093,True,0.9215894341468811,False,True,False
-s9qJ7ATP7w$_$7,7,the,1.9224687814712524,1.9824687242507935,True,0.9803040027618408,False,True,False
-s9qJ7ATP7w$_$7,8,guy,2.0224688053131104,2.1224687099456787,True,0.05561785399913788,True,True,False
-s9qJ7ATP7w$_$7,9,who,2.162468671798706,2.222468852996826,True,0.01471372414380312,True,True,False
-s9qJ7ATP7w$_$7,10,started,2.2624688148498535,2.5224688053131104,True,0.1980380415916443,False,True,False
-s9qJ7ATP7w$_$7,11,Avis,2.542468786239624,2.7624688148498535,True,0.9459555745124817,False,True,False
-s9qJ7ATP7w$_$7,12,Rent,2.802468776702881,2.9624688625335693,True,0.18292683362960815,False,True,False
-s9qJ7ATP7w$_$7,13,a,2.982468843460083,3.0024688243865967,True,0.11920756846666336,False,True,False
-s9qJ7ATP7w$_$7,14,Car,3.0624687671661377,3.1824686527252197,True,0.8264294862747192,False,True,True
-s9qJ7ATP7w$_$7,15,and,3.222468852996826,3.282468795776367,True,0.8678046464920044,False,True,True
-s9qJ7ATP7w$_$7,16,he,3.3224687576293945,3.362468719482422,True,0.9973918199539185,False,True,True
-s9qJ7ATP7w$_$7,17,said,3.4424686431884766,3.6224687099456787,True,0.0008160461438819766,True,True,True
-s9qJ7ATP7w$_$7,18,to,3.6424686908721924,3.6824686527252197,True,0.00036475848173722625,True,True,True
-s9qJ7ATP7w$_$7,19,me,3.7024686336517334,3.7624688148498535,True,0.8824096918106079,False,True,True
-s9qJ7ATP7w$_$7,20,one,3.8824687004089355,3.982468843460083,True,0.8546454310417175,False,True,True
-s9qJ7ATP7w$_$7,21,day,4.022468566894531,4.182468891143799,True,0.999614417552948,False,True,True
-s9qJ7ATP7w$_$7,22,Robert,4.8224687576293945,5.102468967437744,True,0.998580813407898,False,True,True
-s9qJ7ATP7w$_$7,23,what's,5.162468910217285,5.342468738555908,True,0.9831525087356567,False,True,True
-s9qJ7ATP7w$_$7,24,the,5.3824687004089355,5.442468643188477,True,0.9988648295402527,False,True,True
-s9qJ7ATP7w$_$7,25,purpose,5.502468585968018,5.802468776702881,True,0.9694197177886963,False,True,True
-s9qJ7ATP7w$_$7,26,of,5.842468738555908,5.8824687004089355,True,0.9931313991546631,False,True,True
-s9qJ7ATP7w$_$7,27,business,5.942468643188477,6.622468948364258,True,0.9930555820465088,False,True,True
-s9qJ7ATP7w$_$6,0,But,0.5624687671661377,0.7424687743186951,True,0.9987024068832397,False,True,True
-s9qJ7ATP7w$_$6,1,I,1.2424687147140503,1.262468695640564,True,0.8057748079299927,False,True,True
-s9qJ7ATP7w$_$6,2,just,1.3424687385559082,1.4624687433242798,True,0.9699330925941467,False,True,True
-s9qJ7ATP7w$_$6,3,kept,1.4824687242507935,1.6224687099456787,True,0.9421652555465698,False,True,True
-s9qJ7ATP7w$_$6,4,going,1.6424686908721924,1.8424687385559082,True,0.9500870704650879,False,True,True
-s9qJ7ATP7w$_$8,0,And,0.002468750113621354,0.602468729019165,True,0.20111630856990814,False,True,True
-s9qJ7ATP7w$_$8,1,I,0.6624687314033508,0.6824687719345093,True,0.9817874431610107,False,True,True
-s9qJ7ATP7w$_$8,2,said,0.7624687552452087,0.902468740940094,True,0.6025879979133606,False,True,True
-s9qJ7ATP7w$_$8,3,Oh,0.9824687242507935,1.042468786239624,True,0.4305364191532135,False,True,True
-s9qJ7ATP7w$_$8,4,make,1.1824687719345093,1.2824687957763672,True,0.9966883063316345,False,True,True
-s9qJ7ATP7w$_$8,5,a,1.3424687385559082,1.3624687194824219,True,0.9705811142921448,False,True,True
-s9qJ7ATP7w$_$8,6,profit,1.4224687814712524,1.8624687194824219,True,0.9877232313156128,False,True,True
-s9qJ7ATP7w$_$8,7,and,1.9024688005447388,1.9624687433242798,True,0.9733789563179016,False,True,True
-s9qJ7ATP7w$_$8,8,all,1.9824687242507935,2.0624687671661377,True,0.831949770450592,False,True,True
-s9qJ7ATP7w$_$8,9,these,2.0824687480926514,2.1824686527252197,True,0.9938603639602661,False,True,True
-s9qJ7ATP7w$_$8,10,other,2.24246883392334,2.402468681335449,True,0.9735820889472961,False,True,True
-s9qJ7ATP7w$_$8,11,things,2.4424686431884766,2.862468719482422,True,0.8990558385848999,False,True,True
-yRb-Jum7EQ$_$1,0,it,1.0224688053131104,1.102468729019165,True,0.025804772973060608,True,True,True
-yRb-Jum7EQ$_$1,1,comes,2.24246883392334,2.9424686431884766,True,0.004282078705728054,True,True,True
-yRb-Jum7EQ$_$1,2,with,3.24246883392334,3.662468671798706,True,0.0035189574118703604,True,True,True
-yRb-Jum7EQ$_$1,3,the,4.522468566894531,4.7624688148498535,True,0.7597272396087646,False,True,True
-yRb-Jum7EQ$_$1,4,assistance,5.162468910217285,6.622468948364258,True,0.05799550563097,True,True,True
-yRb-Jum7EQ$_$1,5,and,6.96246862411499,7.0824689865112305,True,0.001270778477191925,True,True,True
-yRb-Jum7EQ$_$1,6,agitation,7.682468891143799,8.042469024658203,True,0.010820494964718819,True,True,True
-yRb-Jum7EQ$_$1,7,of,8.08246898651123,8.142468452453613,True,0.011170272715389729,True,True,True
-yRb-Jum7EQ$_$1,8,states,8.162468910217285,8.382469177246094,True,0.006030575837939978,True,True,True
-yRb-Jum7EQ$_$1,9,and,8.40246868133545,8.542469024658203,True,0.0004106773412786424,True,True,True
-yRb-Jum7EQ$_$1,10,regimes,8.622468948364258,8.842469215393066,True,0.023124460130929947,True,True,True
-yRb-Jum7EQ$_$1,11,Yesterday,9.302468299865723,9.74246883392334,True,0.009082389995455742,True,True,True
-yRb-Jum7EQ$_$1,12,Iran,9.782468795776367,10.002469062805176,True,0.08945369720458984,True,True,True
-yRb-Jum7EQ$_$1,13,announced,10.062468528747559,11.382469177246094,True,0.003982025198638439,True,True,True
-yRb-Jum7EQ$_$1,14,that,11.422469139099121,11.722468376159668,True,0.025127172470092773,True,True,True
-yRb-Jum7EQ$_$1,15,it,11.842469215393066,11.90246868133545,True,0.07047686725854874,True,True,True
-yRb-Jum7EQ$_$1,16,will,11.942468643188477,12.08246898651123,True,0.0687665045261383,True,True,True
-yRb-Jum7EQ$_$1,17,finance,12.18246841430664,12.862468719482422,True,0.01484146248549223,True,True,True
-yRb-Jum7EQ$_$1,18,the,13.842469215393066,14.022468566894531,True,0.19621722400188446,False,True,True
-yRb-Jum7EQ$_$1,19,families,14.24246883392334,14.562468528747559,True,0.011030985042452812,True,True,True
-yRb-Jum7EQ$_$1,20,of,14.822468757629395,14.882469177246094,True,0.006535922642797232,True,True,True
-yRb-Jum7EQ$_$1,21,the,14.982468605041504,15.162468910217285,True,0.11610891669988632,False,True,True
-yRb-Jum7EQ$_$1,22,terrorists,15.282468795776367,16.042469024658203,True,0.025433437898755074,True,True,True
-yRb-Jum7EQ$_$1,23,and,16.14246940612793,16.202468872070312,True,0.21795804798603058,False,True,True
-yRb-Jum7EQ$_$1,24,murderers,16.222469329833984,16.52246856689453,True,0.024046001955866814,True,True,True
-yRb-Jum7EQ$_$1,25,this,16.562469482421875,16.782468795776367,True,0.16053664684295654,False,True,True
-yRb-Jum7EQ$_$1,26,shows,17.582468032836914,17.68246841430664,True,0.0011708482634276152,True,True,True
-yRb-Jum7EQ$_$1,27,that,17.702468872070312,17.80246925354004,True,0.04088173061609268,True,True,True
-yRb-Jum7EQ$_$1,28,Iran,17.862468719482422,18.02246856689453,True,0.013378561474382877,True,True,True
-yRb-Jum7EQ$_$1,29,even,18.18246841430664,18.52246856689453,True,0.06848348677158356,True,True,True
-yRb-Jum7EQ$_$1,30,after,18.782468795776367,19.042469024658203,True,0.019933432340621948,True,True,True
-yRb-Jum7EQ$_$1,31,the,19.082468032836914,19.14246940612793,True,0.0006526620127260685,True,True,True
-yRb-Jum7EQ$_$1,32,nuclear,19.18246841430664,19.322467803955078,True,0.0015610873233526945,True,True,True
-yRb-Jum7EQ$_$1,33,agreement,19.402469635009766,19.822467803955078,True,0.03166235238313675,True,True,True
-yRb-Jum7EQ$_$1,34,is,20.262468338012695,20.402469635009766,True,0.01436371449381113,True,True,True
-yRb-Jum7EQ$_$1,35,continuing,20.562469482421875,21.822467803955078,True,0.002940553706139326,True,True,True
-yRb-Jum7EQ$_$1,36,to,21.84246826171875,21.902469635009766,True,0.01534181460738182,True,True,True
-yRb-Jum7EQ$_$1,37,aid,22.02246856689453,22.082468032836914,True,0.009627467952668667,True,True,True
-yRb-Jum7EQ$_$1,38,terrorism,22.122468948364258,22.84246826171875,True,0.008744512684643269,True,True,True
-yRb-Jum7EQ$_$1,39,including,23.062469482421875,24.00246810913086,True,0.0017766174860298634,True,True,True
-yRb-Jum7EQ$_$1,40,Palestinian,24.102468490600586,24.882469177246094,True,0.2514556050300598,False,True,True
-yRb-Jum7EQ$_$1,41,terrorism,24.98246955871582,25.46246910095215,True,0.07808788120746613,True,True,True
-yRb-Jum7EQ$_$1,42,Hezbollah,25.52246856689453,26.062469482421875,True,0.08844142407178879,True,True,True
-yRb-Jum7EQ$_$1,43,terrorism,26.84246826171875,27.30246925354004,True,0.005507552996277809,True,True,True
-yRb-Jum7EQ$_$1,44,and,27.382469177246094,27.48246955871582,True,0.0667300894856453,True,True,True
-yRb-Jum7EQ$_$1,45,its,27.602468490600586,27.702468872070312,True,0.010989678092300892,True,True,True
-yRb-Jum7EQ$_$1,46,assistance,27.782468795776367,28.14246940612793,True,0.0016133132157847285,True,True,True
-yRb-Jum7EQ$_$1,47,to,28.202468872070312,28.282468795776367,True,0.0018098828149959445,True,True,True
-yRb-Jum7EQ$_$1,48,Hamas,28.34246826171875,28.68246841430664,True,0.9613022804260254,False,True,True
-yRb-Jum7EQ$_$5,0,Yesterday,0.1224687471985817,0.48246875405311584,True,0.004604783840477467,True,True,True
-yRb-Jum7EQ$_$5,1,Eliav,0.6624687314033508,0.9224687218666077,True,0.7389793992042542,False,True,True
-yRb-Jum7EQ$_$5,2,Gelman,1.0224688053131104,1.3824687004089355,True,0.07619212567806244,True,True,True
-yRb-Jum7EQ$_$5,3,lost,1.4824687242507935,1.7424687147140503,True,0.01484969537705183,True,True,True
-yRb-Jum7EQ$_$5,4,his,2.7624688148498535,3.0624687671661377,True,0.003411739831790328,True,True,True
-yRb-Jum7EQ$_$5,5,life,3.162468671798706,3.3824687004089355,True,0.08345501869916916,True,True,True
-yRb-Jum7EQ$_$5,6,in,3.722468852996826,3.7624688148498535,True,0.026990022510290146,True,True,True
-yRb-Jum7EQ$_$5,7,another,3.842468738555908,4.502468585968018,True,0.020977651700377464,True,True,True
-yRb-Jum7EQ$_$5,8,terrorist,4.842468738555908,5.302468776702881,True,0.0036389771848917007,True,True,True
-yRb-Jum7EQ$_$5,9,attack,5.422468662261963,6.0824689865112305,True,0.015335950069129467,True,True,True
-yRb-Jum7EQ$_$5,10,not,6.282468795776367,6.482468605041504,True,0.07815863192081451,True,True,True
-yRb-Jum7EQ$_$5,11,by,6.622468948364258,6.722468852996826,True,0.0005162442103028297,True,True,True
-yRb-Jum7EQ$_$5,12,the,7.422468662261963,7.522468566894531,True,0.07714833319187164,True,True,True
-yRb-Jum7EQ$_$5,13,students,7.5824689865112305,8.142468452453613,True,0.001080761314369738,True,True,True
-yRb-Jum7EQ$_$5,14,of,8.18246841430664,8.282468795776367,True,0.0008858431247062981,True,True,True
-yRb-Jum7EQ$_$5,15,terrorism,8.40246868133545,8.762468338012695,True,0.002864300739020109,True,True,True
-yRb-Jum7EQ$_$5,16,but,8.782468795776367,9.08246898651123,True,0.027060622349381447,True,True,True
-yRb-Jum7EQ$_$5,17,by,9.202468872070312,9.282468795776367,True,0.0011106914607807994,True,True,True
-yRb-Jum7EQ$_$5,18,those,9.462469100952148,9.722468376159668,True,0.04913187399506569,True,True,True
-yRb-Jum7EQ$_$5,19,who,9.822468757629395,10.042469024658203,True,0.015377718023955822,True,True,True
-yRb-Jum7EQ$_$5,20,teach,10.102468490600586,10.222468376159668,True,0.03480494022369385,True,True,True
-yRb-Jum7EQ$_$5,21,terrorism,10.442468643188477,10.982468605041504,True,0.0749710351228714,True,True,True
-yRb-Jum7EQ$_$5,22,a,11.122468948364258,11.142468452453613,True,0.02068781666457653,True,True,True
-yRb-Jum7EQ$_$5,23,Palestinian,11.222468376159668,11.722468376159668,True,0.06672799587249756,True,True,True
-yRb-Jum7EQ$_$5,24,teacher,12.462469100952148,12.962469100952148,True,0.20466886460781097,False,True,True
-yRb-Jum7EQ$_$6,0,Therefore,0.402468740940094,0.702468752861023,True,0.05433082580566406,True,True,True
-yRb-Jum7EQ$_$6,1,the,0.7424687743186951,0.8224687576293945,True,0.0027871124912053347,True,True,True
-yRb-Jum7EQ$_$6,2,world,0.8824687600135803,1.0224688053131104,True,0.05125557631254196,True,True,True
-yRb-Jum7EQ$_$6,3,needs,1.042468786239624,1.1624687910079956,True,0.0007568906876258552,True,True,True
-yRb-Jum7EQ$_$6,4,to,1.1824687719345093,1.2824687957763672,True,0.17933052778244019,False,True,True
-yRb-Jum7EQ$_$6,5,stand,1.3224687576293945,1.7224687337875366,True,0.04213482141494751,True,True,True
-yRb-Jum7EQ$_$6,6,with,1.7824687957763672,2.0024688243865967,True,0.00171654112637043,True,True,True
-yRb-Jum7EQ$_$6,7,Israel,2.302468776702881,2.8224687576293945,True,0.05596684291958809,True,True,True
-yRb-Jum7EQ$_$6,8,against,3.802468776702881,4.362468719482422,True,0.027096563950181007,True,True,True
-yRb-Jum7EQ$_$6,9,this,4.402468681335449,4.682468891143799,True,0.05990474671125412,True,True,True
-yRb-Jum7EQ$_$6,10,incitement,5.522468566894531,6.662468910217285,True,0.005073710810393095,True,True,True
-yRb-Jum7EQ$_$6,11,which,6.7024688720703125,7.042468547821045,True,0.0080732312053442,True,True,True
-yRb-Jum7EQ$_$6,12,is,7.102468967437744,7.182468891143799,True,0.003410578239709139,True,True,True
-yRb-Jum7EQ$_$6,13,the,7.542468547821045,7.7624688148498535,True,0.017523443326354027,True,True,True
-yRb-Jum7EQ$_$6,14,number,9.74246883392334,9.922469139099121,True,0.05319474637508392,True,True,True
-yRb-Jum7EQ$_$6,15,one,9.942468643188477,10.022468566894531,True,0.0022846446372568607,True,True,True
-yRb-Jum7EQ$_$6,16,cause,10.142468452453613,10.302468299865723,True,0.027867157012224197,True,True,True
-yRb-Jum7EQ$_$6,17,of,10.442468643188477,10.482468605041504,True,0.011144442483782768,True,True,True
-yRb-Jum7EQ$_$6,18,terrorism,10.502469062805176,10.982468605041504,True,0.00906487088650465,True,True,True
