sample_id,modality,modality_index,start_position,end_position_exclusive,masked_effective_positions,raw_zero_fraction,delta_predicted_class_probability,delta_strength
01,text,0,1,4,3,0.0,-0.03135502338409424,-0.007218837738037109
01,text,0,2,5,3,0.0,-0.03855615854263306,-0.01620030403137207
01,text,0,3,6,3,0.0,-0.06570440530776978,-0.050604015588760376
01,text,0,4,7,3,0.0,-0.058615267276763916,-0.041205912828445435
01,text,0,5,8,3,0.0,-0.04493361711502075,-0.04180401563644409
01,text,0,6,9,3,0.0,-0.01762107014656067,-0.01814204454421997
01,text,0,7,10,3,0.0,-0.013861328363418579,-0.03281867504119873
01,text,0,8,11,3,0.0,0.008945286273956299,-0.06374496221542358
01,text,0,9,12,3,0.0,0.049373477697372437,-0.0006751418113708496
01,text,0,10,13,3,0.0,0.12575024366378784,0.04058164358139038
01,text,0,11,14,3,0.0,0.1845141351222992,0.10632425546646118
01,text,0,12,15,3,0.0,0.13096028566360474,0.054783016443252563
01,text,0,13,16,3,0.0,0.08976835012435913,0.09335389733314514
01,text,0,14,17,3,0.0,0.02798771858215332,0.0117969810962677
01,text,0,15,18,3,0.0,0.04745376110076904,0.06281417608261108
01,text,0,16,19,3,0.0,0.029625803232192993,0.027605116367340088
01,text,0,17,20,3,0.0,0.03730541467666626,0.062052369117736816
01,text,0,18,21,3,0.0,0.018880009651184082,0.018484383821487427
01,text,0,19,22,3,0.0,0.004454851150512695,-0.018472135066986084
01,text,0,20,23,3,0.0,-0.016166269779205322,-0.031374335289001465
01,audio,1,1,4,3,0.0,0.02850341796875,0.034360408782958984
01,audio,1,2,5,3,0.0,0.03081303834915161,0.03705790638923645
01,audio,1,3,6,3,0.0,0.017754673957824707,0.020162463188171387
01,audio,1,4,7,3,0.0,0.005196183919906616,0.006708621978759766
01,audio,1,5,8,3,0.0,0.015735387802124023,0.021807163953781128
01,audio,1,6,9,3,0.0,0.031278133392333984,0.041202813386917114
01,audio,1,7,10,3,0.0,0.03580370545387268,0.045000314712524414
01,audio,1,8,11,3,0.0,0.026586323976516724,0.03607720136642456
01,audio,1,9,12,3,0.0,0.013109833002090454,0.020025908946990967
01,audio,1,10,13,3,0.0,-0.0008681118488311768,0.0017935633659362793
01,audio,1,11,14,3,0.0,-0.007026195526123047,-0.008242100477218628
01,audio,1,12,15,3,0.0,-0.002088308334350586,-0.0015067756175994873
01,audio,1,13,16,3,0.0,-0.0010748505592346191,0.0008880496025085449
01,audio,1,14,17,3,0.0,-0.0013492107391357422,0.0005577802658081055
01,audio,1,15,18,3,0.0,-0.0021174252033233643,-0.00024831295013427734
01,audio,1,16,19,3,0.0,-0.0038264691829681396,-0.0028461813926696777
01,audio,1,17,20,3,0.0,-0.014094024896621704,-0.017123818397521973
01,audio,1,18,21,3,0.0,-0.019803941249847412,-0.02542164921760559
01,audio,1,19,22,3,0.0,-0.020680606365203857,-0.02567911148071289
01,audio,1,20,23,3,0.0,-0.015456795692443848,-0.01835566759109497
01,vision,2,1,4,3,0.0,-0.006523787975311279,-0.009011149406433105
01,vision,2,2,5,3,0.0,-0.01945599913597107,-0.02837437391281128
01,vision,2,3,6,3,0.0,-0.02255558967590332,-0.033766210079193115
01,vision,2,4,7,3,0.0,-0.0018828809261322021,-0.0061792731285095215
01,vision,2,5,8,3,0.0,0.000357210636138916,-0.0019654035568237305
01,vision,2,6,9,3,0.0,0.0065517425537109375,0.010630786418914795
01,vision,2,7,10,3,0.0,0.006833583116531372,0.011397361755371094
01,vision,2,8,11,3,0.0,-0.00030237436294555664,-3.039836883544922e-05
01,vision,2,9,12,3,0.0,-0.003580749034881592,-0.004580199718475342
01,vision,2,10,13,3,0.0,-0.004556864500045776,-0.006096869707107544
01,vision,2,11,14,3,0.0,-0.0047724246978759766,-0.006292521953582764
01,vision,2,12,15,3,0.0,-0.0035666823387145996,-0.004808366298675537
01,vision,2,13,16,3,0.0,-0.0021194517612457275,-0.003234773874282837
01,vision,2,14,17,3,0.0,-0.0013345181941986084,-0.002449542284011841
01,vision,2,15,18,3,0.0,-0.0007721185684204102,-0.0020894408226013184
01,vision,2,16,19,3,0.0,-0.0018563568592071533,-0.0035347342491149902
01,vision,2,17,20,3,0.0,-0.0030378401279449463,-0.004831790924072266
01,vision,2,18,21,3,0.0,-0.0018996596336364746,-0.0035569071769714355
01,vision,2,19,22,3,0.0,0.0001576542854309082,-0.0007237792015075684
01,vision,2,20,23,3,0.0,0.001856684684753418,0.001443028450012207
02,text,0,1,4,3,0.0,0.04129883646965027,-0.0010624192655086517
02,text,0,2,5,3,0.0,-0.025477826595306396,-0.0993148684501648
02,text,0,3,6,3,0.0,0.006854146718978882,0.03932987153530121
02,text,0,4,7,3,0.0,0.02977815270423889,0.11971521377563477
02,text,0,5,8,3,0.0,0.06236010789871216,0.1556345373392105
02,text,0,6,9,3,0.0,0.047945231199264526,0.1662290096282959
02,text,0,7,10,3,0.0,0.021347016096115112,0.0407809317111969
02,text,0,8,11,3,0.0,-0.03401637077331543,0.10470554232597351
02,text,0,9,12,3,0.0,0.008224248886108398,0.14949670433998108
02,text,0,10,13,3,0.0,-0.07492023706436157,-0.03949480503797531
02,text,0,11,14,3,0.0,-0.044874489307403564,-0.1402713656425476
02,text,0,12,15,3,0.0,-0.02923053503036499,-0.21792300045490265
02,text,0,13,16,3,0.0,0.03418934345245361,0.12809604406356812
02,text,0,14,17,3,0.0,0.03588634729385376,0.15499326586723328
02,text,0,15,18,3,0.0,-0.009745508432388306,0.028168976306915283
02,text,0,16,19,3,0.0,-0.049660712480545044,-0.19748589396476746
02,text,0,17,20,3,0.0,-0.027165710926055908,-0.12866443395614624
02,audio,1,1,4,3,0.0,-0.00043007731437683105,0.0069793276488780975
02,audio,1,2,5,3,0.0,-0.0006125569343566895,-0.014444351196289062
02,audio,1,3,6,3,0.0,-0.009835749864578247,-0.04249148070812225
02,audio,1,4,7,3,0.0,-0.008888274431228638,-0.05502648651599884
02,audio,1,5,8,3,0.0,-0.0094471275806427,-0.04480169713497162
02,audio,1,6,9,3,0.0,-0.0036487579345703125,-0.010868880897760391
02,audio,1,7,10,3,0.0,-0.0026008188724517822,0.012804804369807243
02,audio,1,8,11,3,0.0,-0.002159595489501953,0.017751149833202362
02,audio,1,9,12,3,0.0,-0.0009195506572723389,0.008557472378015518
02,audio,1,10,13,3,0.0,0.0010553598403930664,0.007763540372252464
02,audio,1,11,14,3,0.0,0.0007922053337097168,0.00783662497997284
02,audio,1,12,15,3,0.0,0.0015819072723388672,0.0032902993261814117
02,audio,1,13,16,3,0.0,0.0011065900325775146,0.00043840333819389343
02,audio,1,14,17,3,0.0,0.0004994869232177734,0.0002650488168001175
02,audio,1,15,18,3,0.0,0.000949561595916748,0.001091020181775093
02,audio,1,16,19,3,0.0,0.002000272274017334,0.0038001779466867447
02,audio,1,17,20,3,0.0,0.001698613166809082,0.008260034024715424
02,vision,2,1,4,3,0.0,-0.0018832385540008545,0.00010057911276817322
02,vision,2,2,5,3,0.0,-0.0013332366943359375,-0.006210602819919586
02,vision,2,3,6,3,0.0,-0.00072479248046875,-0.007537905126810074
02,vision,2,4,7,3,0.0,0.000704646110534668,-0.007694531232118607
02,vision,2,5,8,3,0.0,0.0005829930305480957,-0.006471194326877594
02,vision,2,6,9,3,0.0,0.0004858672618865967,-0.005923248827457428
02,vision,2,7,10,3,0.0,0.0004897713661193848,-0.00446850061416626
02,vision,2,8,11,3,0.0,0.0005065202713012695,-0.004339057952165604
02,vision,2,9,12,3,0.0,0.00041607022285461426,-0.0052817463874816895
02,vision,2,10,13,3,0.0,0.0004502236843109131,-0.005453810095787048
02,vision,2,11,14,3,0.0,0.0004519820213317871,-0.005537930876016617
02,vision,2,12,15,3,0.0,0.0005455613136291504,-0.005210798233747482
02,vision,2,13,16,3,0.0,0.00020617246627807617,-0.003037691116333008
02,vision,2,14,17,3,0.0,-6.493926048278809e-05,-0.0015447847545146942
02,vision,2,15,18,3,0.0,2.104043960571289e-05,0.000803142786026001
02,vision,2,16,19,3,0.0,0.0003202855587005615,-0.0027885213494300842
02,vision,2,17,20,3,0.0,0.0006438195705413818,0.00016108155250549316
03,text,0,1,4,3,0.0,0.014806181192398071,-0.029686346650123596
03,text,0,2,5,3,0.0,0.04079920053482056,-0.008969973772764206
03,text,0,3,6,3,0.0,0.068200021982193,0.07183171808719635
03,text,0,4,7,3,0.0,0.07043662667274475,0.12236897647380829
03,text,0,5,8,3,0.0,0.07619515061378479,0.12277962267398834
03,text,0,6,9,3,0.0,0.05114629864692688,0.10567900538444519
03,text,0,7,10,3,0.0,0.01315566897392273,0.08933672308921814
03,text,0,8,11,3,0.0,0.0069869160652160645,0.0968828946352005
03,text,0,9,12,3,0.0,-0.031122028827667236,0.07397773861885071
03,text,0,10,13,3,0.0,-0.03307071328163147,0.0002338811755180359
03,text,0,11,14,3,0.0,-0.03184095025062561,0.011159278452396393
03,text,0,12,15,3,0.0,-0.019997358322143555,-0.023064155131578445
03,text,0,13,16,3,0.0,0.0037347078323364258,0.01621730625629425
03,text,0,14,17,3,0.0,0.000783085823059082,-0.00467488169670105
03,text,0,15,18,3,0.0,0.017419517040252686,0.04029388725757599
03,text,0,16,19,3,0.0,-0.015036791563034058,-0.10247015208005905
03,text,0,17,20,3,0.0,0.02330157160758972,-0.16292701661586761
03,text,0,18,21,3,0.0,0.022620558738708496,-0.22509092092514038
03,text,0,19,22,3,0.0,0.024596840143203735,-0.12961071729660034
03,text,0,20,23,3,0.0,0.02696281671524048,-0.13462138175964355
03,text,0,21,24,3,0.0,0.039136528968811035,-0.06074511259794235
03,text,0,22,25,3,0.0,0.02311202883720398,-0.027602342888712883
03,text,0,23,26,3,0.0,0.018048882484436035,0.007766734808683395
03,text,0,24,27,3,0.0,0.0107918381690979,0.036926791071891785
03,text,0,25,28,3,0.0,-0.00436827540397644,0.00649343803524971
03,text,0,26,29,3,0.0,-0.01256135106086731,-0.005768250674009323
03,text,0,27,30,3,0.0,0.028328359127044678,-0.039208415895700455
03,text,0,28,31,3,0.0,0.04193675518035889,-0.05468270927667618
03,text,0,29,32,3,0.0,0.06301078200340271,-0.02144607901573181
03,text,0,30,33,3,0.0,0.06750202178955078,0.021146565675735474
03,text,0,31,34,3,0.0,0.041931867599487305,0.07994776964187622
03,audio,1,1,4,3,0.0,-0.006770133972167969,-0.00439111515879631
03,audio,1,2,5,3,0.0,-0.006953567266464233,0.0014278963208198547
03,audio,1,3,6,3,0.0,-0.004591166973114014,0.0029611513018608093
03,audio,1,4,7,3,0.0,-0.0019769668579101562,0.010114841163158417
03,audio,1,5,8,3,0.0,-0.00035449862480163574,0.010070428252220154
03,audio,1,6,9,3,0.0,-0.0009819269180297852,0.008825898170471191
03,audio,1,7,10,3,0.0,0.00048297643661499023,0.011781521141529083
03,audio,1,8,11,3,0.0,7.724761962890625e-05,0.01279836893081665
03,audio,1,9,12,3,0.0,-0.00025200843811035156,0.006794799119234085
03,audio,1,10,13,3,0.0,0.00018346309661865234,0.0030484087765216827
03,audio,1,11,14,3,0.0,-0.0012073516845703125,0.0073278434574604034
03,audio,1,12,15,3,0.0,-0.0009999573230743408,0.01612956076860428
03,audio,1,13,16,3,0.0,-0.0025223493576049805,0.01722068339586258
03,audio,1,14,17,3,0.0,-0.002735704183578491,0.016339607536792755
03,audio,1,15,18,3,0.0,-0.004070758819580078,0.004608176648616791
03,audio,1,16,19,3,0.0,-0.0016980171203613281,0.0036406144499778748
03,audio,1,17,20,3,0.0,-0.00017398595809936523,0.0046901702880859375
03,audio,1,18,21,3,0.0,0.0018788576126098633,0.006893672049045563
03,audio,1,19,22,3,0.0,0.0031881630420684814,0.006357967853546143
03,audio,1,20,23,3,0.0,0.006245076656341553,-0.0027777180075645447
03,audio,1,21,24,3,0.0,0.009507954120635986,-0.00385303795337677
03,audio,1,22,25,3,0.0,0.007593035697937012,-0.016685597598552704
03,audio,1,23,26,3,0.0,0.0030742287635803223,-0.026761528104543686
03,audio,1,24,27,3,0.0,-0.0012587010860443115,-0.02573377452790737
03,audio,1,25,28,3,0.0,-0.005234718322753906,-0.03333641216158867
03,audio,1,26,29,3,0.0,-0.0059375762939453125,-0.022179681807756424
03,audio,1,27,30,3,0.0,-0.0029421448707580566,0.005376126617193222
03,audio,1,28,31,3,0.0,-0.0012626051902770996,0.01524980366230011
03,audio,1,29,32,3,0.0,-0.0016322731971740723,0.010979875922203064
03,audio,1,30,33,3,0.0,-0.0016474127769470215,-0.004854626953601837
03,audio,1,31,34,3,0.0,-0.002024143934249878,-0.0017932988703250885
03,vision,2,1,4,3,0.0,0.00019431114196777344,0.007722117006778717
03,vision,2,2,5,3,0.0,0.0013303160667419434,0.01264779269695282
03,vision,2,3,6,3,0.0,0.0017655789852142334,0.0061791203916072845
03,vision,2,4,7,3,0.0,0.000800400972366333,-0.0035867802798748016
03,vision,2,5,8,3,0.0,0.0010235607624053955,-0.0026243478059768677
03,vision,2,6,9,3,0.0,0.0020247697830200195,-0.001247406005859375
03,vision,2,7,10,3,0.0,0.002490431070327759,-0.0011726990342140198
03,vision,2,8,11,3,0.0,0.0023672878742218018,-0.0019332394003868103
03,vision,2,9,12,3,0.0,0.0016192197799682617,-0.00021588057279586792
03,vision,2,10,13,3,0.0,0.0017306208610534668,-0.0012811720371246338
03,vision,2,11,14,3,0.0,0.001964181661605835,-0.0011402815580368042
03,vision,2,12,15,3,0.0,0.00234222412109375,0.000611867755651474
03,vision,2,13,16,3,0.0,0.002012491226196289,0.0027942433953285217
03,vision,2,14,17,3,0.0,0.0010040998458862305,0.004260655492544174
03,vision,2,15,18,3,0.0,-2.3871660232543945e-05,0.00033271685242652893
03,vision,2,16,19,3,0.0,-0.000625908374786377,-0.0008846819400787354
03,vision,2,17,20,3,0.0,-0.00029659271240234375,-0.0028814412653446198
03,vision,2,18,21,3,0.0,-6.29723072052002e-05,-0.005758494138717651
03,vision,2,19,22,3,0.0,-0.003491729497909546,0.0068940669298172
03,vision,2,20,23,3,0.0,-0.004531502723693848,0.011166848242282867
03,vision,2,21,24,3,0.0,-0.0034839212894439697,0.008268021047115326
03,vision,2,22,25,3,0.0,-4.9173831939697266e-05,-0.0007166638970375061
03,vision,2,23,26,3,0.0,0.0007758140563964844,-0.009436435997486115
03,vision,2,24,27,3,0.0,0.0022510886192321777,-0.004631608724594116
03,vision,2,25,28,3,0.0,0.0011969506740570068,-0.001630924642086029
03,vision,2,26,29,3,0.0,-7.18235969543457e-05,-0.0013536140322685242
03,vision,2,27,30,3,0.0,0.00041303038597106934,-0.0018034093081951141
03,vision,2,28,31,3,0.0,0.0010101795196533203,0.0006767436861991882
03,vision,2,29,32,3,0.0,0.0017099380493164062,0.002905607223510742
03,vision,2,30,33,3,0.0,0.0019312500953674316,0.004978787153959274
03,vision,2,31,34,3,0.0,0.0015620589256286621,0.005779065191745758
04,text,0,1,4,3,0.0,-0.0775442123413086,-0.1893010139465332
04,text,0,2,5,3,0.0,-0.07659566402435303,-0.1788179874420166
04,text,0,3,6,3,0.0,-0.06920117139816284,-0.16110527515411377
04,text,0,4,7,3,0.0,-0.00014019012451171875,0.00919485092163086
04,text,0,5,8,3,0.0,0.06972301006317139,0.18796873092651367
04,text,0,6,9,3,0.0,0.1273789405822754,0.36607420444488525
04,text,0,7,10,3,0.0,0.12281227111816406,0.3487979769706726
04,text,0,8,11,3,0.0,0.01712709665298462,0.03904753923416138
04,text,0,9,12,3,0.0,-0.0415189266204834,-0.10447835922241211
04,text,0,10,13,3,0.0,0.013193249702453613,0.03204035758972168
04,text,0,11,14,3,0.0,0.18180811405181885,0.20960569381713867
04,text,0,12,15,3,0.0,0.18249350786209106,0.15346288681030273
04,text,0,13,16,3,0.0,0.15768146514892578,0.07102620601654053
04,text,0,14,17,3,0.0,0.0710904598236084,0.056146204471588135
04,text,0,15,18,3,0.0,0.06192970275878906,0.12728863954544067
04,text,0,16,19,3,0.0,0.03960740566253662,0.08735644817352295
04,text,0,17,20,3,0.0,0.025806427001953125,0.03751027584075928
04,text,0,18,21,3,0.0,0.022697806358337402,0.03616112470626831
04,text,0,19,22,3,0.0,0.03732883930206299,0.08561724424362183
04,text,0,20,23,3,0.0,0.056022465229034424,0.12195241451263428
04,text,0,21,24,3,0.0,-0.01510477066040039,-0.07184123992919922
04,text,0,22,25,3,0.0,-0.062140464782714844,-0.19389736652374268
04,text,0,23,26,3,0.0,-0.12493062019348145,-0.3125338554382324
04,text,0,24,27,3,0.0,-0.0780569314956665,-0.18053650856018066
04,audio,1,1,4,3,0.0,0.0046765804290771484,0.01328134536743164
04,audio,1,2,5,3,0.0,0.00180894136428833,0.006157815456390381
04,audio,1,3,6,3,0.0,0.0005866289138793945,0.003063678741455078
04,audio,1,4,7,3,0.0,-0.0014508366584777832,-0.00450742244720459
04,audio,1,5,8,3,0.0,-0.003910362720489502,-0.010513901710510254
04,audio,1,6,9,3,0.0,-0.006687045097351074,-0.018306255340576172
04,audio,1,7,10,3,0.0,-0.0061151981353759766,-0.018627643585205078
04,audio,1,8,11,3,0.0,-0.0007181167602539062,0.0003809928894042969
04,audio,1,9,12,3,0.0,0.002902686595916748,0.01196068525314331
04,audio,1,10,13,3,0.0,0.003926634788513184,0.015474259853363037
04,audio,1,11,14,3,0.0,0.004539608955383301,0.01667165756225586
04,audio,1,12,15,3,0.0,0.0013812780380249023,0.00598907470703125
04,audio,1,13,16,3,0.0,0.002447783946990967,0.007374167442321777
04,audio,1,14,17,3,0.0,0.0048378705978393555,0.015408337116241455
04,audio,1,15,18,3,0.0,0.005513250827789307,0.017054080963134766
04,audio,1,16,19,3,0.0,0.005327820777893066,0.015505611896514893
04,audio,1,17,20,3,0.0,0.0003337860107421875,0.0005676746368408203
04,audio,1,18,21,3,0.0,-0.0013627409934997559,-0.004015326499938965
04,audio,1,19,22,3,0.0,0.0008032917976379395,0.0020130276679992676
04,audio,1,20,23,3,0.0,0.0033788681030273438,0.009139060974121094
04,audio,1,21,24,3,0.0,0.004331231117248535,0.012132108211517334
04,audio,1,22,25,3,0.0,0.002523183822631836,0.006838440895080566
04,audio,1,23,26,3,0.0,0.002110898494720459,0.0058678388595581055
04,audio,1,24,27,3,0.0,0.002204298973083496,0.005070686340332031
04,vision,2,1,4,3,0.0,-0.00333559513092041,-0.015104293823242188
04,vision,2,2,5,3,0.0,-0.00508725643157959,-0.02162379026412964
04,vision,2,3,6,3,0.0,-0.0051389336585998535,-0.01783597469329834
04,vision,2,4,7,3,0.0,-0.00285416841506958,-0.009614229202270508
04,vision,2,5,8,3,0.0,-0.0005533695220947266,-0.001039743423461914
04,vision,2,6,9,3,0.0,-3.629922866821289e-05,0.001786351203918457
04,vision,2,7,10,3,0.0,6.157159805297852e-05,0.002865135669708252
04,vision,2,8,11,3,0.0,-0.0011160969734191895,-0.0013076066970825195
04,vision,2,9,12,3,0.0,-0.00301516056060791,-0.007298469543457031
04,vision,2,10,13,3,0.0,-0.0038220882415771484,-0.00979846715927124
04,vision,2,11,14,3,0.0,-0.0008627176284790039,-0.0024167299270629883
04,vision,2,12,15,3,0.0,0.008928239345550537,0.026932716369628906
04,vision,2,13,16,3,0.0,0.015661537647247314,0.04743635654449463
04,vision,2,14,17,3,0.0,0.014242470264434814,0.042881548404693604
04,vision,2,15,18,3,0.0,0.009616494178771973,0.028654396533966064
04,vision,2,16,19,3,0.0,0.0013129115104675293,0.004028022289276123
04,vision,2,17,20,3,0.0,0.0017499327659606934,0.0046120285987854
04,vision,2,18,21,3,0.0,0.0013633966445922852,0.003803730010986328
04,vision,2,19,22,3,0.0,0.0026961565017700195,0.008562982082366943
04,vision,2,20,23,3,0.0,0.0053449273109436035,0.01637566089630127
04,vision,2,21,24,3,0.0,0.00790482759475708,0.023380637168884277
04,vision,2,22,25,3,0.0,0.008965909481048584,0.025463402271270752
04,vision,2,23,26,3,0.0,0.006848335266113281,0.019963383674621582
04,vision,2,24,27,3,0.0,0.0019261837005615234,0.0048479437828063965
05,text,0,1,4,3,0.0,0.05512571334838867,0.0857701301574707
05,text,0,2,5,3,0.0,0.05404740571975708,0.07796156406402588
05,text,0,3,6,3,0.0,-0.02100086212158203,-0.038275301456451416
05,text,0,4,7,3,0.0,-0.057584524154663086,-0.12917011976242065
05,text,0,5,8,3,0.0,-0.04211145639419556,-0.0952446460723877
05,text,0,6,9,3,0.0,0.021389126777648926,0.022132575511932373
05,text,0,7,10,3,0.0,0.004544556140899658,0.00578618049621582
05,text,0,8,11,3,0.0,0.002576887607574463,0.0010339021682739258
05,text,0,9,12,3,0.0,0.04925602674484253,0.053761839866638184
05,text,0,10,13,3,0.0,0.008560776710510254,0.009502410888671875
05,text,0,11,14,3,0.0,-0.03299438953399658,-0.0468212366104126
05,text,0,12,15,3,0.0,0.010924696922302246,0.004719376564025879
05,text,0,13,16,3,0.0,0.0675499439239502,0.08083134889602661
05,audio,1,1,4,3,0.0,-0.004952669143676758,-0.010017871856689453
05,audio,1,2,5,3,0.0,0.002328217029571533,0.005968570709228516
05,audio,1,3,6,3,0.0,0.01812201738357544,0.03251683712005615
05,audio,1,4,7,3,0.0,0.02858126163482666,0.051764607429504395
05,audio,1,5,8,3,0.0,0.029314637184143066,0.0519181489944458
05,audio,1,6,9,3,0.0,0.019488990306854248,0.0345768928527832
05,audio,1,7,10,3,0.0,0.016723036766052246,0.02702617645263672
05,audio,1,8,11,3,0.0,0.009285211563110352,0.014589548110961914
05,audio,1,9,12,3,0.0,0.005442678928375244,0.009675979614257812
05,audio,1,10,13,3,0.0,0.0023415088653564453,0.005162954330444336
05,audio,1,11,14,3,0.0,-0.0027636289596557617,0.00037384033203125
05,audio,1,12,15,3,0.0,-8.422136306762695e-05,0.00911027193069458
05,audio,1,13,16,3,0.0,0.00481569766998291,0.01628851890563965
05,vision,2,1,4,3,0.0,0.020549416542053223,0.03789412975311279
05,vision,2,2,5,3,0.0,0.03365755081176758,0.0597379207611084
05,vision,2,3,6,3,0.0,0.023788154125213623,0.04394334554672241
05,vision,2,4,7,3,0.0,0.009017586708068848,0.017066240310668945
05,vision,2,5,8,3,0.0,0.006434440612792969,0.012118756771087646
05,vision,2,6,9,3,0.0,0.0038652420043945312,0.007127583026885986
05,vision,2,7,10,3,0.0,0.0006203651428222656,0.0016843080520629883
05,vision,2,8,11,3,0.0,-0.0034891366958618164,-0.005396842956542969
05,vision,2,9,12,3,0.0,-0.00672835111618042,-0.010372281074523926
05,vision,2,10,13,3,0.0,-0.007217764854431152,-0.011763572692871094
05,vision,2,11,14,3,0.0,-0.01876246929168701,-0.03277301788330078
05,vision,2,12,15,3,0.0,-0.020591676235198975,-0.03850674629211426
05,vision,2,13,16,3,0.0,-0.021135926246643066,-0.04156291484832764
06,text,0,1,4,3,0.0,-0.02446657419204712,-0.04634788632392883
06,text,0,2,5,3,0.0,-0.013308942317962646,-0.04419761896133423
06,text,0,3,6,3,0.0,-0.04435151815414429,-0.09958773851394653
06,text,0,4,7,3,0.0,0.012248456478118896,0.014596164226531982
06,text,0,5,8,3,0.0,0.04438650608062744,0.0871444046497345
06,text,0,6,9,3,0.0,0.059811949729919434,0.14168167114257812
06,text,0,7,10,3,0.0,0.03566068410873413,0.08408820629119873
06,text,0,8,11,3,0.0,0.027872562408447266,0.06323981285095215
06,text,0,9,12,3,0.0,0.008642852306365967,0.013130664825439453
06,text,0,10,13,3,0.0,0.022383570671081543,0.033990561962127686
06,text,0,11,14,3,0.0,0.0008040666580200195,-0.003501385450363159
06,text,0,12,15,3,0.0,-0.001973092555999756,-0.0575556755065918
06,text,0,13,16,3,0.0,-0.03857004642486572,-0.07266196608543396
06,text,0,14,17,3,0.0,0.006666004657745361,-0.01564064621925354
06,text,0,15,18,3,0.0,0.01489943265914917,-0.02511844038963318
06,text,0,16,19,3,0.0,0.05723601579666138,0.07232171297073364
06,text,0,17,20,3,0.0,0.053686439990997314,0.073687344789505
06,text,0,18,21,3,0.0,0.05670881271362305,0.10730087757110596
06,text,0,19,22,3,0.0,0.08669960498809814,0.18303945660591125
06,text,0,20,23,3,0.0,0.12392336130142212,0.27143263816833496
06,text,0,21,24,3,0.0,0.15170934796333313,0.3223136365413666
06,text,0,22,25,3,0.0,0.0937882661819458,0.16144272685050964
06,text,0,23,26,3,0.0,0.05100536346435547,0.07459869980812073
06,text,0,24,27,3,0.0,0.0004106760025024414,-0.05016136169433594
06,text,0,25,28,3,0.0,-0.058744728565216064,-0.12378758192062378
06,text,0,26,29,3,0.0,-0.09013742208480835,-0.17109405994415283
06,text,0,27,30,3,0.0,-0.09163904190063477,-0.20017051696777344
06,text,0,28,31,3,0.0,-0.07009661197662354,-0.14746350049972534
06,text,0,29,32,3,0.0,-0.06687992811203003,-0.13604700565338135
06,text,0,30,33,3,0.0,-0.07008504867553711,-0.11329042911529541
06,text,0,31,34,3,0.0,-0.046165525913238525,-0.07691317796707153
06,text,0,32,35,3,0.0,-0.014926910400390625,-0.03666353225708008
06,text,0,33,36,3,0.0,0.005369603633880615,-0.011403501033782959
06,audio,1,1,4,3,0.0,0.005611062049865723,0.00933346152305603
06,audio,1,2,5,3,0.0,0.006186068058013916,0.010115593671798706
06,audio,1,3,6,3,0.0,0.004125356674194336,0.0064318180084228516
06,audio,1,4,7,3,0.0,0.0008362531661987305,-0.0010997653007507324
06,audio,1,5,8,3,0.0,0.001514434814453125,0.00048807263374328613
06,audio,1,6,9,3,0.0,0.0013478994369506836,7.891654968261719e-05
06,audio,1,7,10,3,0.0,0.0040007829666137695,0.006637483835220337
06,audio,1,8,11,3,0.0,0.005782961845397949,0.011554449796676636
06,audio,1,9,12,3,0.0,0.006043493747711182,0.012247979640960693
06,audio,1,10,13,3,0.0,0.009598791599273682,0.018228530883789062
06,audio,1,11,14,3,0.0,0.010675668716430664,0.01924586296081543
06,audio,1,12,15,3,0.0,0.007926583290100098,0.013853490352630615
06,audio,1,13,16,3,0.0,0.0029460787773132324,0.0064345598220825195
06,audio,1,14,17,3,0.0,0.00018173456192016602,0.0007498264312744141
06,audio,1,15,18,3,0.0,0.000583946704864502,0.0029172301292419434
06,audio,1,16,19,3,0.0,-0.0003554224967956543,0.003354310989379883
06,audio,1,17,20,3,0.0,-0.0003711581230163574,0.0027498602867126465
06,audio,1,18,21,3,0.0,0.006205201148986816,0.015490800142288208
06,audio,1,19,22,3,0.0,0.010875999927520752,0.026224613189697266
06,audio,1,20,23,3,0.0,0.009781241416931152,0.021186232566833496
06,audio,1,21,24,3,0.0,0.005381226539611816,0.014309883117675781
06,audio,1,22,25,3,0.0,-0.000713646411895752,0.0017087757587432861
06,audio,1,23,26,3,0.0,-0.0018950104713439941,0.0007471144199371338
06,audio,1,24,27,3,0.0,-0.0053858160972595215,-0.003645002841949463
06,audio,1,25,28,3,0.0,0.0009498000144958496,0.004255473613739014
06,audio,1,26,29,3,0.0,0.0026886463165283203,0.007616281509399414
06,audio,1,27,30,3,0.0,0.0008615851402282715,0.0036572515964508057
06,audio,1,28,31,3,0.0,-0.002141892910003662,-0.003362029790878296
06,audio,1,29,32,3,0.0,-0.005482971668243408,-0.009663760662078857
06,audio,1,30,33,3,0.0,-0.007386147975921631,-0.014812618494033813
06,audio,1,31,34,3,0.0,-0.00429004430770874,-0.00847548246383667
06,audio,1,32,35,3,0.0,-0.0032167434692382812,-0.006968379020690918
06,audio,1,33,36,3,0.0,0.001865684986114502,0.004634290933609009
06,vision,2,1,4,3,0.0,0.00036656856536865234,0.00020334124565124512
06,vision,2,2,5,3,0.0,-0.005676150321960449,-0.010754168033599854
06,vision,2,3,6,3,0.0,-0.0028740763664245605,-0.005338221788406372
06,vision,2,4,7,3,0.0,-0.0021100640296936035,-0.0032311677932739258
06,vision,2,5,8,3,0.0,-0.0032776594161987305,-0.004966169595718384
06,vision,2,6,9,3,0.0,-0.004075229167938232,-0.006476312875747681
06,vision,2,7,10,3,0.0,-0.005194962024688721,-0.009399086236953735
06,vision,2,8,11,3,0.0,-0.007214963436126709,-0.012953013181686401
06,vision,2,9,12,3,0.0,-0.007632911205291748,-0.013276100158691406
06,vision,2,10,13,3,0.0,-0.0064269304275512695,-0.010065138339996338
06,vision,2,11,14,3,0.0,-0.007326185703277588,-0.011598706245422363
06,vision,2,12,15,3,0.0,-0.009333431720733643,-0.014813423156738281
06,vision,2,13,16,3,0.0,-0.00829404592514038,-0.013520598411560059
06,vision,2,14,17,3,0.0,-0.006989538669586182,-0.011092126369476318
06,vision,2,15,18,3,0.0,-0.003701508045196533,-0.0047040581703186035
06,vision,2,16,19,3,0.0,-0.0028461217880249023,-0.0035549700260162354
06,vision,2,17,20,3,0.0,-0.0039328932762146,-0.00611838698387146
06,vision,2,18,21,3,0.0,-0.0055536627769470215,-0.009641498327255249
06,vision,2,19,22,3,0.0,-0.005176424980163574,-0.00850611925125122
06,vision,2,20,23,3,0.0,-0.003809511661529541,-0.006671488285064697
06,vision,2,21,24,3,0.0,-0.005006849765777588,-0.00895795226097107
06,vision,2,22,25,3,0.0,-0.004439234733581543,-0.008013546466827393
06,vision,2,23,26,3,0.0,-0.0037519335746765137,-0.007556647062301636
06,vision,2,24,27,3,0.0,-0.0023003220558166504,-0.00523298978805542
06,vision,2,25,28,3,0.0,-0.0031919479370117188,-0.005526125431060791
06,vision,2,26,29,3,0.0,-0.0038619637489318848,-0.007467329502105713
06,vision,2,27,30,3,0.0,-0.0038777589797973633,-0.007231652736663818
06,vision,2,28,31,3,0.0,-0.002543628215789795,-0.005143225193023682
06,vision,2,29,32,3,0.0,-0.0032292604446411133,-0.006000518798828125
06,vision,2,30,33,3,0.0,-0.003498554229736328,-0.006748676300048828
06,vision,2,31,34,3,0.0,-0.0031242966651916504,-0.006109416484832764
06,vision,2,32,35,3,0.0,-0.004917562007904053,-0.010068267583847046
06,vision,2,33,36,3,0.0,0.0028476715087890625,0.00528031587600708
07,text,0,1,4,3,0.0,-0.010660171508789062,-0.034271419048309326
07,text,0,2,5,3,0.0,-0.0031618475914001465,-0.013975203037261963
07,text,0,3,6,3,0.0,-0.0056650638580322266,-0.01714855432510376
07,text,0,4,7,3,0.0,0.006583034992218018,0.0013425946235656738
07,text,0,5,8,3,0.0,0.0014820098876953125,-0.025777578353881836
07,text,0,6,9,3,0.0,0.0025628209114074707,-0.02264261245727539
07,text,0,7,10,3,0.0,-0.0030588507652282715,-0.02425628900527954
07,text,0,8,11,3,0.0,-0.010774970054626465,-0.023800313472747803
07,text,0,9,12,3,0.0,-0.004206955432891846,-0.007721841335296631
07,text,0,10,13,3,0.0,-0.029068946838378906,-0.07076948881149292
07,text,0,11,14,3,0.0,-0.029415249824523926,-0.0815853476524353
07,text,0,12,15,3,0.0,0.004228532314300537,-0.0034672021865844727
07,text,0,13,16,3,0.0,0.012243688106536865,0.012539267539978027
07,text,0,14,17,3,0.0,0.005585849285125732,-0.004394471645355225
07,text,0,15,18,3,0.0,-0.034893035888671875,-0.1030614972114563
07,text,0,16,19,3,0.0,-0.02319812774658203,-0.059447407722473145
07,text,0,17,20,3,0.0,0.009994864463806152,0.029062271118164062
07,text,0,18,21,3,0.0,0.05111294984817505,0.10980874300003052
07,text,0,19,22,3,0.0,0.08267557621002197,0.17210179567337036
07,text,0,20,23,3,0.0,0.03401017189025879,0.07509928941726685
07,text,0,21,24,3,0.0,0.011624038219451904,0.02815932035446167
07,text,0,22,25,3,0.0,-0.004205942153930664,-0.026187241077423096
07,text,0,23,26,3,0.0,0.008466124534606934,0.007633090019226074
07,text,0,24,27,3,0.0,0.024693548679351807,0.05609625577926636
07,text,0,25,28,3,0.0,0.016246795654296875,0.04762470722198486
07,text,0,26,29,3,0.0,0.04646599292755127,0.1115378737449646
07,text,0,27,30,3,0.0,0.03491377830505371,0.07904684543609619
07,text,0,28,31,3,0.0,0.032756149768829346,0.07594412565231323
07,text,0,29,32,3,0.0,0.02025127410888672,0.04942202568054199
07,text,0,30,33,3,0.0,0.017971396446228027,0.042194366455078125
07,text,0,31,34,3,0.0,0.007602572441101074,0.015898168087005615
07,text,0,32,35,3,0.0,-0.00395125150680542,-0.010400831699371338
07,text,0,33,36,3,0.0,-0.0008050203323364258,-0.0019934773445129395
07,text,0,34,37,3,0.0,0.01647329330444336,0.04167604446411133
07,text,0,35,38,3,0.0,-0.013283133506774902,-0.026620328426361084
07,text,0,36,39,3,0.0,-0.009890317916870117,-0.016831159591674805
07,text,0,37,40,3,0.0,-0.016672611236572266,-0.03181469440460205
07,text,0,38,41,3,0.0,-0.004580557346343994,-0.0005379915237426758
07,text,0,39,42,3,0.0,-0.011785268783569336,-0.014589130878448486
07,text,0,40,43,3,0.0,-0.013603568077087402,-0.022417068481445312
07,text,0,41,44,3,0.0,-0.0051403045654296875,-0.005122184753417969
07,text,0,42,45,3,0.0,-0.0017238855361938477,-0.003565967082977295
07,text,0,43,46,3,0.0,0.0027769804000854492,0.008228003978729248
07,text,0,44,47,3,0.0,0.0098494291305542,0.025101304054260254
07,text,0,45,48,3,0.0,0.010909676551818848,0.02602595090866089
07,text,0,46,49,3,0.0,0.009488940238952637,0.020260155200958252
07,audio,1,1,4,3,0.0,-0.0012437701225280762,-0.0022609829902648926
07,audio,1,2,5,3,0.0,-0.0036787986755371094,-0.009324193000793457
07,audio,1,3,6,3,0.0,-0.004316210746765137,-0.01152569055557251
07,audio,1,4,7,3,0.0,-0.0029140114784240723,-0.008095383644104004
07,audio,1,5,8,3,0.0,-0.0016712546348571777,-0.004578530788421631
07,audio,1,6,9,3,0.0,-0.001355588436126709,-0.0037213563919067383
07,audio,1,7,10,3,0.0,0.0004888176918029785,0.0026331543922424316
07,audio,1,8,11,3,0.0,0.0004184246063232422,0.0029744505882263184
07,audio,1,9,12,3,0.0,0.00032460689544677734,0.0025727152824401855
07,audio,1,10,13,3,0.0,0.0002722740173339844,0.0020605921745300293
07,audio,1,11,14,3,0.0,0.0002779960632324219,0.0006466507911682129
07,audio,1,12,15,3,0.0,-0.00012171268463134766,-0.0015305876731872559
07,audio,1,13,16,3,0.0,4.2378902435302734e-05,-0.0010170340538024902
07,audio,1,14,17,3,0.0,7.355213165283203e-05,-0.0009238719940185547
07,audio,1,15,18,3,0.0,0.0015258193016052246,0.001788318157196045
07,audio,1,16,19,3,0.0,0.0023832321166992188,0.004078567028045654
07,audio,1,17,20,3,0.0,0.0038625597953796387,0.0071239471435546875
07,audio,1,18,21,3,0.0,0.0049152374267578125,0.010239183902740479
07,audio,1,19,22,3,0.0,0.005706131458282471,0.013084948062896729
07,audio,1,20,23,3,0.0,0.012431561946868896,0.024282634258270264
07,audio,1,21,24,3,0.0,0.013908565044403076,0.02575463056564331
07,audio,1,22,25,3,0.0,0.017092585563659668,0.035774171352386475
07,audio,1,23,26,3,0.0,0.014026403427124023,0.027193725109100342
07,audio,1,24,27,3,0.0,0.0052474141120910645,0.01142197847366333
07,audio,1,25,28,3,0.0,0.00397104024887085,0.010003209114074707
07,audio,1,26,29,3,0.0,0.0021578073501586914,0.004782617092132568
07,audio,1,27,30,3,0.0,0.0006569623947143555,0.000432431697845459
07,audio,1,28,31,3,0.0,-0.0011715292930603027,-0.002628326416015625
07,audio,1,29,32,3,0.0,-0.004043877124786377,-0.00922161340713501
07,audio,1,30,33,3,0.0,-0.003989100456237793,-0.005616605281829834
07,audio,1,31,34,3,0.0,-0.003635406494140625,-0.00108259916305542
07,audio,1,32,35,3,0.0,-0.0016227364540100098,0.0038412809371948242
07,audio,1,33,36,3,0.0,0.00045680999755859375,0.005601465702056885
07,audio,1,34,37,3,0.0,0.0008956789970397949,0.0041661858558654785
07,audio,1,35,38,3,0.0,-9.244680404663086e-05,0.0005951523780822754
07,audio,1,36,39,3,0.0,8.71419906616211e-05,0.00044095516204833984
07,audio,1,37,40,3,0.0,-0.002934396266937256,-0.0038437843322753906
07,audio,1,38,41,3,0.0,-0.0033008456230163574,-0.003273308277130127
07,audio,1,39,42,3,0.0,-0.0028472542762756348,-0.0026478171348571777
07,audio,1,40,43,3,0.0,-0.00013017654418945312,0.0033792853355407715
07,audio,1,41,44,3,0.0,0.0029505491256713867,0.009223341941833496
07,audio,1,42,45,3,0.0,0.004502475261688232,0.0105629563331604
07,audio,1,43,46,3,0.0,0.0044394731521606445,0.011169135570526123
07,audio,1,44,47,3,0.0,0.0018489360809326172,0.005440413951873779
07,audio,1,45,48,3,0.0,0.0015982985496520996,0.004850506782531738
07,audio,1,46,49,3,0.0,0.0014793872833251953,0.004809081554412842
07,vision,2,1,4,3,0.0,-0.0009753704071044922,-0.002621471881866455
07,vision,2,2,5,3,0.0,-0.0015343427658081055,-0.003876209259033203
07,vision,2,3,6,3,0.0,-0.0013753175735473633,-0.003578662872314453
07,vision,2,4,7,3,0.0,-0.0021803975105285645,-0.0059317946434021
07,vision,2,5,8,3,0.0,-0.002537965774536133,-0.006801784038543701
07,vision,2,6,9,3,0.0,-0.002558469772338867,-0.006999373435974121
07,vision,2,7,10,3,0.0,-0.0024158358573913574,-0.006719648838043213
07,vision,2,8,11,3,0.0,-0.001614212989807129,-0.0043315887451171875
07,vision,2,9,12,3,0.0,-0.001257777214050293,-0.0037487149238586426
07,vision,2,10,13,3,0.0,-0.0012914538383483887,-0.0028333067893981934
07,vision,2,11,14,3,0.0,-0.000768125057220459,-0.0015895366668701172
07,vision,2,12,15,3,0.0,-0.0006135702133178711,-0.0008814334869384766
07,vision,2,13,16,3,0.0,-0.0003834962844848633,-0.0009064078330993652
07,vision,2,14,17,3,0.0,-0.0005527734756469727,-0.0016221404075622559
07,vision,2,15,18,3,0.0,0.0020772218704223633,0.004651844501495361
07,vision,2,16,19,3,0.0,0.005891203880310059,0.01457834243774414
07,vision,2,17,20,3,0.0,0.006595134735107422,0.016777217388153076
07,vision,2,18,21,3,0.0,0.004599928855895996,0.012306392192840576
07,vision,2,19,22,3,0.0,-0.0004042983055114746,0.0009655952453613281
07,vision,2,20,23,3,0.0,-0.001041412353515625,-0.0017024874687194824
07,vision,2,21,24,3,0.0,-0.0005834102630615234,-0.0012246966361999512
07,vision,2,22,25,3,0.0,-0.0005379915237426758,-0.0013340115547180176
07,vision,2,23,26,3,0.0,0.0003846287727355957,0.00025850534439086914
07,vision,2,24,27,3,0.0,0.0011407732963562012,0.0025182366371154785
07,vision,2,25,28,3,0.0,0.0006109476089477539,0.0011178851127624512
07,vision,2,26,29,3,0.0,-0.00016826391220092773,-0.0010494589805603027
07,vision,2,27,30,3,0.0,-0.0002047419548034668,-0.0006501674652099609
07,vision,2,28,31,3,0.0,-0.001158595085144043,-0.0017266273498535156
07,vision,2,29,32,3,0.0,-0.0018178224563598633,-0.002905547618865967
07,vision,2,30,33,3,0.0,-0.0030928850173950195,-0.00567549467086792
07,vision,2,31,34,3,0.0,-0.0036554932594299316,-0.007875382900238037
07,vision,2,32,35,3,0.0,-0.0023113489151000977,-0.005316376686096191
07,vision,2,33,36,3,0.0,-0.0016040205955505371,-0.004264771938323975
07,vision,2,34,37,3,0.0,-0.0029807686805725098,-0.007614314556121826
07,vision,2,35,38,3,0.0,-0.0037360191345214844,-0.007951438426971436
07,vision,2,36,39,3,0.0,-0.0046198368072509766,-0.009000778198242188
07,vision,2,37,40,3,0.0,-0.004445195198059082,-0.008316516876220703
07,vision,2,38,41,3,0.0,-0.003978133201599121,-0.007638275623321533
07,vision,2,39,42,3,0.0,-0.004993319511413574,-0.010387778282165527
07,vision,2,40,43,3,0.0,-0.005504488945007324,-0.01187986135482788
07,vision,2,41,44,3,0.0,-0.0051688551902771,-0.01149284839630127
07,vision,2,42,45,3,0.0,-0.0033902525901794434,-0.0076485276222229
07,vision,2,43,46,3,0.0,-0.0031446218490600586,-0.006382346153259277
07,vision,2,44,47,3,0.0,-0.003133237361907959,-0.006184697151184082
07,vision,2,45,48,3,0.0,-0.0020352602005004883,-0.003799259662628174
07,vision,2,46,49,3,0.0,-0.00019890069961547852,-0.0005776286125183105
08,text,0,1,4,3,0.0,0.05546766519546509,0.0857534408569336
08,text,0,2,5,3,0.0,0.05315321683883667,0.11074262857437134
08,text,0,3,6,3,0.0,0.04168128967285156,0.0965203046798706
08,text,0,4,7,3,0.0,0.05358606576919556,0.12040889263153076
08,text,0,5,8,3,0.0,0.019055962562561035,0.06108611822128296
08,text,0,6,9,3,0.0,0.0354081392288208,0.0574420690536499
08,text,0,7,10,3,0.0,0.1484229564666748,0.23047757148742676
08,text,0,8,11,3,0.0,0.1334410309791565,0.2208772897720337
08,text,0,9,12,3,0.0,0.08036953210830688,0.12073284387588501
08,audio,1,1,4,3,0.0,0.02569037675857544,0.04579406976699829
08,audio,1,2,5,3,0.0,0.020319819450378418,0.0349385142326355
08,audio,1,3,6,3,0.0,-0.0006195306777954102,-0.0024071931838989258
08,audio,1,4,7,3,0.0,-0.001505434513092041,-0.0006136894226074219
08,audio,1,5,8,3,0.0,-0.006983458995819092,-0.007756590843200684
08,audio,1,6,9,3,0.0,-0.011240363121032715,-0.01658952236175537
08,audio,1,7,10,3,0.0,-0.01240396499633789,-0.022483408451080322
08,audio,1,8,11,3,0.0,-0.006020843982696533,-0.009531736373901367
08,audio,1,9,12,3,0.0,-0.00011771917343139648,-0.0020651817321777344
08,vision,2,1,4,3,0.0,-0.003479182720184326,-0.0059632062911987305
08,vision,2,2,5,3,0.0,-0.011936783790588379,-0.020529866218566895
08,vision,2,3,6,3,0.0,-0.013059616088867188,-0.021971464157104492
08,vision,2,4,7,3,0.0,-0.015400469303131104,-0.025619983673095703
08,vision,2,5,8,3,0.0,-0.0157240629196167,-0.026299655437469482
08,vision,2,6,9,3,0.0,-0.013865768909454346,-0.0232163667678833
08,vision,2,7,10,3,0.0,-0.010351419448852539,-0.016910135746002197
08,vision,2,8,11,3,0.0,-0.00211334228515625,-0.002021193504333496
08,vision,2,9,12,3,0.0,0.009775102138519287,0.01842629909515381
09,text,0,1,4,3,0.0,-0.006381690502166748,0.023410558700561523
09,text,0,2,5,3,0.0,-0.01219099760055542,0.05765366554260254
09,text,0,3,6,3,0.0,-0.00891423225402832,0.05254781246185303
09,text,0,4,7,3,0.0,0.0025054216384887695,-0.007445335388183594
09,text,0,5,8,3,0.0,0.059579312801361084,-0.33440589904785156
09,text,0,6,9,3,0.0,0.0983695387840271,-0.5110914707183838
09,text,0,7,10,3,0.0,0.06939548254013062,-0.3782498836517334
09,text,0,8,11,3,0.0,0.08399277925491333,-0.4411044120788574
09,text,0,9,12,3,0.0,0.0215567946434021,-0.13887441158294678
09,text,0,10,13,3,0.0,0.019385159015655518,-0.12748146057128906
09,text,0,11,14,3,0.0,-0.013037025928497314,0.10878932476043701
09,text,0,12,15,3,0.0,-0.00529247522354126,0.08530688285827637
09,text,0,13,16,3,0.0,0.016874730587005615,-0.04709935188293457
09,text,0,14,17,3,0.0,0.06061398983001709,-0.3223978281021118
09,text,0,15,18,3,0.0,0.012105584144592285,-0.09106624126434326
09,text,0,16,19,3,0.0,0.01417309045791626,-0.12288904190063477
09,audio,1,1,4,3,0.0,-0.0004830360412597656,0.0035161972045898438
09,audio,1,2,5,3,0.0,0.00010037422180175781,-0.000725865364074707
09,audio,1,3,6,3,0.0,-0.001352846622467041,0.008998274803161621
09,audio,1,4,7,3,0.0,0.0009344816207885742,-0.009397745132446289
09,audio,1,5,8,3,0.0,0.0030835866928100586,-0.024791479110717773
09,audio,1,6,9,3,0.0,0.004677176475524902,-0.03528547286987305
09,audio,1,7,10,3,0.0,0.006234705448150635,-0.044409990310668945
09,audio,1,8,11,3,0.0,0.00589829683303833,-0.04150533676147461
09,audio,1,9,12,3,0.0,0.004256248474121094,-0.028197288513183594
09,audio,1,10,13,3,0.0,0.0009407997131347656,0.0038181543350219727
09,audio,1,11,14,3,0.0,5.823373794555664e-05,0.00844109058380127
09,audio,1,12,15,3,0.0,-0.0007371902465820312,0.013950586318969727
09,audio,1,13,16,3,0.0,0.0007083415985107422,-8.45193862915039e-05
09,audio,1,14,17,3,0.0,0.004016578197479248,-0.02377176284790039
09,audio,1,15,18,3,0.0,0.009734928607940674,-0.062140464782714844
09,audio,1,16,19,3,0.0,0.008806169033050537,-0.05392467975616455
09,vision,2,1,4,3,0.0,0.0011814236640930176,-0.008881807327270508
09,vision,2,2,5,3,0.0,0.0005457401275634766,-0.003648996353149414
09,vision,2,3,6,3,0.0,-2.187490463256836e-05,0.00025582313537597656
09,vision,2,4,7,3,0.0,-0.0005126595497131348,0.0044879913330078125
09,vision,2,5,8,3,0.0,-0.0005848407745361328,0.0048934221267700195
09,vision,2,6,9,3,0.0,-0.00047069787979125977,0.0031998157501220703
09,vision,2,7,10,3,0.0,-0.0021800994873046875,0.01677989959716797
09,vision,2,8,11,3,0.0,-0.0030002593994140625,0.02323317527770996
09,vision,2,9,12,3,0.0,-0.0033546090126037598,0.025757908821105957
09,vision,2,10,13,3,0.0,-0.004641592502593994,0.03749513626098633
09,vision,2,11,14,3,0.0,-0.003270387649536133,0.025173187255859375
09,vision,2,12,15,3,0.0,-0.0034041404724121094,0.02642035484313965
09,vision,2,13,16,3,0.0,-0.0029762983322143555,0.023073911666870117
09,vision,2,14,17,3,0.0,0.00034034252166748047,-0.003841996192932129
09,vision,2,15,18,3,0.0,0.0036309361457824707,-0.025338172912597656
09,vision,2,16,19,3,0.0,0.00567859411239624,-0.036599159240722656
10,text,0,1,4,3,0.0,0.04895317554473877,-0.02117753028869629
10,text,0,2,5,3,0.0,0.03704798221588135,0.03734099864959717
10,text,0,3,6,3,0.0,0.020363450050354004,0.16668474674224854
10,text,0,4,7,3,0.0,0.0028035640716552734,0.13085854053497314
10,text,0,5,8,3,0.0,0.025706350803375244,0.11015093326568604
10,text,0,6,9,3,0.0,0.04222005605697632,-0.09457600116729736
10,text,0,7,10,3,0.0,0.03434067964553833,0.019292712211608887
10,text,0,8,11,3,0.0,0.022122502326965332,-0.029430866241455078
10,text,0,9,12,3,0.0,0.020576179027557373,0.03137099742889404
10,text,0,10,13,3,0.0,-0.0053746700286865234,0.10166656970977783
10,text,0,11,14,3,0.0,-0.058414995670318604,0.23968255519866943
10,text,0,12,15,3,0.0,-0.021975457668304443,0.1581045389175415
10,text,0,13,16,3,0.0,-0.01996612548828125,0.16198575496673584
10,text,0,14,17,3,0.0,-0.0017580986022949219,0.08589982986450195
10,text,0,15,18,3,0.0,0.02017754316329956,0.05922245979309082
10,text,0,16,19,3,0.0,0.032247066497802734,0.040856242179870605
10,text,0,17,20,3,0.0,0.03712660074234009,-0.044059038162231445
10,text,0,18,21,3,0.0,0.03411215543746948,0.01770317554473877
10,text,0,19,22,3,0.0,0.02375173568725586,0.025956273078918457
10,text,0,20,23,3,0.0,-0.019534170627593994,-0.1628483533859253
10,text,0,21,24,3,0.0,-0.052619099617004395,-0.1686573028564453
10,text,0,22,25,3,0.0,-0.022020280361175537,-0.25588905811309814
10,text,0,23,26,3,0.0,-0.028873562812805176,-0.11960768699645996
10,text,0,24,27,3,0.0,0.013256967067718506,-0.06419909000396729
10,text,0,25,28,3,0.0,0.0557248592376709,-0.0909649133682251
10,text,0,26,29,3,0.0,0.0574268102645874,-0.17587554454803467
10,text,0,27,30,3,0.0,0.03156012296676636,-0.1881479024887085
10,text,0,28,31,3,0.0,0.12112569808959961,-0.6797971725463867
10,audio,1,1,4,3,0.0,0.0018875598907470703,-0.01575911045074463
10,audio,1,2,5,3,0.0,0.005424320697784424,-0.04792022705078125
10,audio,1,3,6,3,0.0,0.0034104585647583008,-0.027509570121765137
10,audio,1,4,7,3,0.0,0.0014693140983581543,-0.006490588188171387
10,audio,1,5,8,3,0.0,0.0002467036247253418,0.0019136667251586914
10,audio,1,6,9,3,0.0,-0.0003883838653564453,0.005876898765563965
10,audio,1,7,10,3,0.0,0.00010508298873901367,0.0003587007522583008
10,audio,1,8,11,3,0.0,-0.0007615089416503906,0.011564970016479492
10,audio,1,9,12,3,0.0,-0.0013593435287475586,0.015215516090393066
10,audio,1,10,13,3,0.0,-0.00307542085647583,0.036759257316589355
10,audio,1,11,14,3,0.0,-0.0026481151580810547,0.029273509979248047
10,audio,1,12,15,3,0.0,-0.0016900300979614258,0.01713120937347412
10,audio,1,13,16,3,0.0,-0.0014529228210449219,0.019302845001220703
10,audio,1,14,17,3,0.0,-0.0009398460388183594,0.018547654151916504
10,audio,1,15,18,3,0.0,0.00017499923706054688,0.008535504341125488
10,audio,1,16,19,3,0.0,0.0015990734100341797,-0.006119847297668457
10,audio,1,17,20,3,0.0,0.006236851215362549,-0.05938613414764404
10,audio,1,18,21,3,0.0,0.014121294021606445,-0.14434707164764404
10,audio,1,19,22,3,0.0,0.010219573974609375,-0.11174070835113525
10,audio,1,20,23,3,0.0,0.007252097129821777,-0.08305943012237549
10,audio,1,21,24,3,0.0,0.003653109073638916,-0.043369174003601074
10,audio,1,22,25,3,0.0,-1.3709068298339844e-06,-0.0014071464538574219
10,audio,1,23,26,3,0.0,-0.0004780292510986328,0.004482626914978027
10,audio,1,24,27,3,0.0,-0.0004699230194091797,0.004525423049926758
10,audio,1,25,28,3,0.0,-0.0008820295333862305,0.009281516075134277
10,audio,1,26,29,3,0.0,-0.0006237626075744629,0.008708357810974121
10,audio,1,27,30,3,0.0,-0.0012950301170349121,0.01885998249053955
10,audio,1,28,31,3,0.0,-0.0010149478912353516,0.01401054859161377
10,vision,2,1,4,3,0.0,0.0001252889633178711,-0.00038444995880126953
10,vision,2,2,5,3,0.0,0.0015745759010314941,-0.0007566213607788086
10,vision,2,3,6,3,0.0,0.0023297667503356934,0.0018656253814697266
10,vision,2,4,7,3,0.0,0.0015363097190856934,0.009642243385314941
10,vision,2,5,8,3,0.0,0.0009696483612060547,0.012778401374816895
10,vision,2,6,9,3,0.0,0.001637578010559082,0.008484959602355957
10,vision,2,7,10,3,0.0,0.002107381820678711,-0.0038079023361206055
10,vision,2,8,11,3,0.0,0.0019905567169189453,-0.00839841365814209
10,vision,2,9,12,3,0.0,0.0008696317672729492,-0.0026390552520751953
10,vision,2,10,13,3,0.0,0.0007284283638000488,-6.723403930664062e-05
10,vision,2,11,14,3,0.0,0.000638127326965332,0.0024880170822143555
10,vision,2,12,15,3,0.0,-0.0008605718612670898,0.006731152534484863
10,vision,2,13,16,3,0.0,-0.00703352689743042,0.013824820518493652
10,vision,2,14,17,3,0.0,-0.009914994239807129,0.01803743839263916
10,vision,2,15,18,3,0.0,-0.009983301162719727,0.017351984977722168
10,vision,2,16,19,3,0.0,-0.005971252918243408,0.005477309226989746
10,vision,2,17,20,3,0.0,0.0016826987266540527,-0.006757140159606934
10,vision,2,18,21,3,0.0,0.00247269868850708,-0.00236356258392334
10,vision,2,19,22,3,0.0,0.0017806291580200195,-0.00010752677917480469
10,vision,2,20,23,3,0.0,0.0011299848556518555,-0.0011279582977294922
10,vision,2,21,24,3,0.0,0.0008026361465454102,-0.0016224384307861328
10,vision,2,22,25,3,0.0,-0.00026291608810424805,-0.0008927583694458008
10,vision,2,23,26,3,0.0,-0.0004813671112060547,-0.0005213022232055664
10,vision,2,24,27,3,0.0,-0.00014632940292358398,0.00022864341735839844
10,vision,2,25,28,3,0.0,0.00031757354736328125,0.00016832351684570312
10,vision,2,26,29,3,0.0,0.0007973909378051758,0.01196742057800293
10,vision,2,27,30,3,0.0,-0.0005899667739868164,0.015642166137695312
10,vision,2,28,31,3,0.0,-0.0008574724197387695,0.01506030559539795
11,text,0,1,4,3,0.0,0.05206531286239624,-0.09892034530639648
11,text,0,2,5,3,0.0,0.2934127449989319,-0.6563418507575989
11,text,0,3,6,3,0.0,0.21033883094787598,-0.5296703577041626
11,text,0,4,7,3,0.0,0.1360357105731964,-0.5993940830230713
11,text,0,5,8,3,0.0,-0.08310657739639282,0.05012083053588867
11,text,0,6,9,3,0.0,-0.09252536296844482,0.060787320137023926
11,text,0,7,10,3,0.0,-0.1431370973587036,0.038579344749450684
11,text,0,8,11,3,0.0,-0.007710516452789307,-0.16183054447174072
11,text,0,9,12,3,0.0,0.056389570236206055,-0.24602895975112915
11,text,0,10,13,3,0.0,0.144995778799057,-0.2872028946876526
11,text,0,11,14,3,0.0,0.08672589063644409,-0.11818313598632812
11,text,0,12,15,3,0.0,-0.07968634366989136,0.47532498836517334
11,audio,1,1,4,3,0.0,-0.005317091941833496,0.019255518913269043
11,audio,1,2,5,3,0.0,-0.0003024935722351074,-0.0002785921096801758
11,audio,1,3,6,3,0.0,-0.004857301712036133,0.006825506687164307
11,audio,1,4,7,3,0.0,-0.0013275146484375,-0.001990795135498047
11,audio,1,5,8,3,0.0,-0.0013083815574645996,0.00422900915145874
11,audio,1,6,9,3,0.0,-0.0029554367065429688,0.015387773513793945
11,audio,1,7,10,3,0.0,0.0030811429023742676,-0.017668604850769043
11,audio,1,8,11,3,0.0,0.007975220680236816,-0.0446627140045166
11,audio,1,9,12,3,0.0,0.008243143558502197,-0.03432905673980713
11,audio,1,10,13,3,0.0,0.014841794967651367,-0.05444204807281494
11,audio,1,11,14,3,0.0,0.011071383953094482,-0.03763461112976074
11,audio,1,12,15,3,0.0,0.004678130149841309,-0.011512279510498047
11,vision,2,1,4,3,0.0,0.004528939723968506,-0.018810272216796875
11,vision,2,2,5,3,0.0,0.004659473896026611,-0.02080404758453369
11,vision,2,3,6,3,0.0,0.005583763122558594,-0.025073647499084473
11,vision,2,4,7,3,0.0,0.002293527126312256,-0.01142573356628418
11,vision,2,5,8,3,0.0,0.0033180713653564453,-0.015954554080963135
11,vision,2,6,9,3,0.0,0.0048743486404418945,-0.02344536781311035
11,vision,2,7,10,3,0.0,0.003955245018005371,-0.020414412021636963
11,vision,2,8,11,3,0.0,0.003719508647918701,-0.020155489444732666
11,vision,2,9,12,3,0.0,0.0028879642486572266,-0.016538381576538086
11,vision,2,10,13,3,0.0,0.003133118152618408,-0.017703533172607422
11,vision,2,11,14,3,0.0,0.0037384033203125,-0.019701719284057617
11,vision,2,12,15,3,0.0,0.00114518404006958,-0.0074242353439331055
12,text,0,1,4,3,0.0,0.10986927151679993,-0.33079057931900024
12,text,0,2,5,3,0.0,0.11214837431907654,-0.33304768800735474
12,text,0,3,6,3,0.0,-0.016063690185546875,0.06286430358886719
12,text,0,4,7,3,0.0,-0.01572561264038086,0.05846315622329712
12,text,0,5,8,3,0.0,-0.001475989818572998,-0.0016018152236938477
12,text,0,6,9,3,0.0,0.0181085467338562,-0.029265999794006348
12,text,0,7,10,3,0.0,0.004370748996734619,-0.007615506649017334
12,text,0,8,11,3,0.0,-0.017722666263580322,0.05802750587463379
12,text,0,9,12,3,0.0,-0.008333384990692139,-0.0020722150802612305
12,text,0,10,13,3,0.0,0.003084540367126465,-0.03252255916595459
12,text,0,11,14,3,0.0,0.0038833022117614746,-0.02448636293411255
12,text,0,12,15,3,0.0,0.024380922317504883,-0.08506143093109131
12,text,0,13,16,3,0.0,0.06465044617652893,-0.210822194814682
12,text,0,14,17,3,0.0,0.05707937479019165,-0.18744492530822754
12,text,0,15,18,3,0.0,0.01836341619491577,-0.07832217216491699
12,text,0,16,19,3,0.0,-0.02230745553970337,0.03872692584991455
12,text,0,17,20,3,0.0,-0.004850625991821289,0.03147238492965698
12,text,0,18,21,3,0.0,-0.0038791894912719727,0.01592165231704712
12,text,0,19,22,3,0.0,0.01034015417098999,-0.015536308288574219
12,text,0,20,23,3,0.0,0.005145728588104248,-0.0041381120681762695
12,text,0,21,24,3,0.0,0.0441107451915741,-0.12682300806045532
12,text,0,22,25,3,0.0,0.028757601976394653,-0.11323380470275879
12,text,0,23,26,3,0.0,0.024989396333694458,-0.08361095190048218
12,text,0,24,27,3,0.0,-0.012903988361358643,0.053155601024627686
12,text,0,25,28,3,0.0,-0.009500324726104736,0.049967288970947266
12,text,0,26,29,3,0.0,-0.009183526039123535,0.03857773542404175
12,text,0,27,30,3,0.0,-0.009215474128723145,-0.008938074111938477
12,text,0,28,31,3,0.0,-0.012097179889678955,-0.0023649930953979492
12,text,0,29,32,3,0.0,-0.017120659351348877,0.008965849876403809
12,text,0,30,33,3,0.0,-0.03690218925476074,0.05591928958892822
12,text,0,31,34,3,0.0,-0.02687239646911621,0.09036213159561157
12,text,0,32,35,3,0.0,-0.030069589614868164,0.08898234367370605
12,text,0,33,36,3,0.0,-0.017771005630493164,0.061134278774261475
12,text,0,34,37,3,0.0,-0.01815563440322876,0.08087313175201416
12,text,0,35,38,3,0.0,-0.031222164630889893,0.10870534181594849
12,text,0,36,39,3,0.0,-0.05911177396774292,0.16660726070404053
12,text,0,37,40,3,0.0,-0.05512845516204834,0.14456462860107422
12,text,0,38,41,3,0.0,-0.03922855854034424,0.09933936595916748
12,text,0,39,42,3,0.0,0.0011782050132751465,-0.017386317253112793
12,text,0,40,43,3,0.0,-0.014018595218658447,0.03360491991043091
12,audio,1,1,4,3,0.0,-0.00790315866470337,0.02416825294494629
12,audio,1,2,5,3,0.0,-0.013663172721862793,0.04319673776626587
12,audio,1,3,6,3,0.0,-0.013010919094085693,0.04119598865509033
12,audio,1,4,7,3,0.0,-0.007756650447845459,0.023618876934051514
12,audio,1,5,8,3,0.0,-0.0017979145050048828,0.0030395984649658203
12,audio,1,6,9,3,0.0,-0.00030601024627685547,-0.002733945846557617
12,audio,1,7,10,3,0.0,-0.0023700594902038574,0.002207338809967041
12,audio,1,8,11,3,0.0,-0.0027106404304504395,0.003482341766357422
12,audio,1,9,12,3,0.0,0.0061151981353759766,-0.022666335105895996
12,audio,1,10,13,3,0.0,0.01679086685180664,-0.05092233419418335
12,audio,1,11,14,3,0.0,0.027314484119415283,-0.07773107290267944
12,audio,1,12,15,3,0.0,0.03733271360397339,-0.10421645641326904
12,audio,1,13,16,3,0.0,0.028342634439468384,-0.0798182487487793
12,audio,1,14,17,3,0.0,0.01782393455505371,-0.04977071285247803
12,audio,1,15,18,3,0.0,0.0028380751609802246,-0.008517861366271973
12,audio,1,16,19,3,0.0,-0.00598222017288208,0.016495704650878906
12,audio,1,17,20,3,0.0,-0.009584546089172363,0.027798771858215332
12,audio,1,18,21,3,0.0,-0.008392095565795898,0.023751914501190186
12,audio,1,19,22,3,0.0,-0.0023953914642333984,0.00442194938659668
12,audio,1,20,23,3,0.0,0.0015981197357177734,-0.007405996322631836
12,audio,1,21,24,3,0.0,-0.0019651055335998535,0.003986954689025879
12,audio,1,22,25,3,0.0,-0.005356132984161377,0.011693716049194336
12,audio,1,23,26,3,0.0,-0.006080925464630127,0.013065695762634277
12,audio,1,24,27,3,0.0,-0.005779445171356201,0.012291908264160156
12,audio,1,25,28,3,0.0,-0.005306422710418701,0.011579334735870361
12,audio,1,26,29,3,0.0,-0.00016111135482788086,2.9921531677246094e-05
12,audio,1,27,30,3,0.0,-0.0037889480590820312,0.013329684734344482
12,audio,1,28,31,3,0.0,-0.014154195785522461,0.045241475105285645
12,audio,1,29,32,3,0.0,-0.015580236911773682,0.05006206035614014
12,audio,1,30,33,3,0.0,-0.01375889778137207,0.044018447399139404
12,audio,1,31,34,3,0.0,-0.004781246185302734,0.016195714473724365
12,audio,1,32,35,3,0.0,-0.005063891410827637,0.02388465404510498
12,audio,1,33,36,3,0.0,-0.00742030143737793,0.03359860181808472
12,audio,1,34,37,3,0.0,-0.003049910068511963,0.019255757331848145
12,audio,1,35,38,3,0.0,-0.00042933225631713867,0.00465470552444458
12,audio,1,36,39,3,0.0,-0.0003897547721862793,0.0036734938621520996
12,audio,1,37,40,3,0.0,0.0006382465362548828,-0.0017575621604919434
12,audio,1,38,41,3,0.0,0.0026180148124694824,-0.010079741477966309
12,audio,1,39,42,3,0.0,5.620718002319336e-05,0.001479029655456543
12,audio,1,40,43,3,0.0,0.0012470483779907227,-0.0023301243782043457
12,vision,2,1,4,3,0.0,0.0002067089080810547,4.369020462036133e-05
12,vision,2,2,5,3,0.0,0.0008801817893981934,-0.003368377685546875
12,vision,2,3,6,3,0.0,0.0008873939514160156,-0.0034062862396240234
12,vision,2,4,7,3,0.0,0.0008920431137084961,-0.0035685300827026367
12,vision,2,5,8,3,0.0,0.0008676648139953613,-0.0035718679428100586
12,vision,2,6,9,3,0.0,0.0008099675178527832,-0.003379642963409424
12,vision,2,7,10,3,0.0,0.0007493495941162109,-0.0031605958938598633
12,vision,2,8,11,3,0.0,0.0008050203323364258,-0.003446042537689209
12,vision,2,9,12,3,0.0,0.0008125901222229004,-0.0033215880393981934
12,vision,2,10,13,3,0.0,0.0007768869400024414,-0.0035387277603149414
12,vision,2,11,14,3,0.0,0.0013885498046875,-0.0060585737228393555
12,vision,2,12,15,3,0.0,0.002092123031616211,-0.008770585060119629
12,vision,2,13,16,3,0.0,0.002811431884765625,-0.012342333793640137
12,vision,2,14,17,3,0.0,0.004072010517120361,-0.017015159130096436
12,vision,2,15,18,3,0.0,0.0009111762046813965,-0.005240201950073242
12,vision,2,16,19,3,0.0,0.0024741291999816895,-0.010670185089111328
12,vision,2,17,20,3,0.0,0.0054051876068115234,-0.02147960662841797
12,vision,2,18,21,3,0.0,0.0047416090965271,-0.01864802837371826
12,vision,2,19,22,3,0.0,0.0046912431716918945,-0.01828134059906006
12,vision,2,20,23,3,0.0,0.003235161304473877,-0.012545943260192871
12,vision,2,21,24,3,0.0,0.0023265480995178223,-0.009203553199768066
12,vision,2,22,25,3,0.0,0.002157926559448242,-0.00864112377166748
12,vision,2,23,26,3,0.0,5.8650970458984375e-05,-0.0003992915153503418
12,vision,2,24,27,3,0.0,-0.00039690732955932617,0.000967860221862793
12,vision,2,25,28,3,0.0,-0.0006158947944641113,0.0016118288040161133
12,vision,2,26,29,3,0.0,-0.00124281644821167,0.00404125452041626
12,vision,2,27,30,3,0.0,-0.0019189715385437012,0.006270110607147217
12,vision,2,28,31,3,0.0,-0.002969980239868164,0.010059833526611328
12,vision,2,29,32,3,0.0,-0.003938436508178711,0.012586891651153564
12,vision,2,30,33,3,0.0,-0.0026110410690307617,0.007963776588439941
12,vision,2,31,34,3,0.0,0.0010371208190917969,-0.0048105716705322266
12,vision,2,32,35,3,0.0,0.003064870834350586,-0.011811494827270508
12,vision,2,33,36,3,0.0,0.0032445788383483887,-0.014279842376708984
12,vision,2,34,37,3,0.0,0.006940960884094238,-0.026816487312316895
12,vision,2,35,38,3,0.0,0.005790412425994873,-0.022372901439666748
12,vision,2,36,39,3,0.0,0.0033129453659057617,-0.013206303119659424
12,vision,2,37,40,3,0.0,0.0013044476509094238,-0.004862189292907715
12,vision,2,38,41,3,0.0,0.0001023411750793457,-0.0004063844680786133
12,vision,2,39,42,3,0.0,-9.083747863769531e-05,0.0003896355628967285
12,vision,2,40,43,3,0.0,-0.00054931640625,0.0022054314613342285
13,text,0,1,4,3,0.0,0.05186867713928223,0.07403934001922607
13,text,0,2,5,3,0.0,0.07228076457977295,0.07649409770965576
13,text,0,3,6,3,0.0,0.04379117488861084,0.02942901849746704
13,text,0,4,7,3,0.0,0.02168247103691101,0.018077075481414795
13,text,0,5,8,3,0.0,0.04865100979804993,-0.014935910701751709
13,text,0,6,9,3,0.0,-0.0012620091438293457,0.026593446731567383
13,text,0,7,10,3,0.0,0.010050058364868164,0.057036787271499634
13,text,0,8,11,3,0.0,0.01480633020401001,0.024674654006958008
13,text,0,9,12,3,0.0,-0.007094860076904297,0.021152913570404053
13,text,0,10,13,3,0.0,-0.0010689496994018555,0.01651725172996521
13,text,0,11,14,3,0.0,0.05345010757446289,0.027492910623550415
13,text,0,12,15,3,0.0,0.026380717754364014,-0.0028568506240844727
13,text,0,13,16,3,0.0,-0.005175232887268066,0.008416861295700073
13,text,0,14,17,3,0.0,0.03743332624435425,0.038911402225494385
13,text,0,15,18,3,0.0,0.050003647804260254,0.025966376066207886
13,text,0,16,19,3,0.0,0.03581467270851135,0.022646069526672363
13,text,0,17,20,3,0.0,0.01154714822769165,-0.007991373538970947
13,text,0,18,21,3,0.0,0.02357974648475647,-0.009462535381317139
13,text,0,19,22,3,0.0,0.01274678111076355,-0.023680508136749268
13,text,0,20,23,3,0.0,-0.009310424327850342,-0.0654221773147583
13,text,0,21,24,3,0.0,-0.019957125186920166,-0.1014397144317627
13,text,0,22,25,3,0.0,-0.0030854344367980957,-0.061612844467163086
13,text,0,23,26,3,0.0,-0.004346072673797607,-0.03401637077331543
13,text,0,24,27,3,0.0,0.03489387035369873,0.029028356075286865
13,text,0,25,28,3,0.0,-0.03453195095062256,-0.08403906226158142
13,text,0,26,29,3,0.0,-0.08173024654388428,-0.12097305059432983
13,text,0,27,30,3,0.0,-0.08309650421142578,-0.12792879343032837
13,text,0,28,31,3,0.0,-0.000605463981628418,-0.0008221268653869629
13,audio,1,1,4,3,0.0,-0.00036218762397766113,-0.0004876852035522461
13,audio,1,2,5,3,0.0,-0.003138035535812378,-0.0031091272830963135
13,audio,1,3,6,3,0.0,-0.00536876916885376,-0.007963836193084717
13,audio,1,4,7,3,0.0,-0.005423843860626221,-0.007137000560760498
13,audio,1,5,8,3,0.0,-0.002491891384124756,-0.003438204526901245
13,audio,1,6,9,3,0.0,0.0007904171943664551,0.0017322897911071777
13,audio,1,7,10,3,0.0,0.005243420600891113,0.010328501462936401
13,audio,1,8,11,3,0.0,0.015324831008911133,0.027358651161193848
13,audio,1,9,12,3,0.0,0.019367992877960205,0.03414914011955261
13,audio,1,10,13,3,0.0,0.02504447102546692,0.042113274335861206
13,audio,1,11,14,3,0.0,0.010510772466659546,0.01801353693008423
13,audio,1,12,15,3,0.0,0.001789003610610962,0.0059382617473602295
13,audio,1,13,16,3,0.0,-0.004945337772369385,-0.005450159311294556
13,audio,1,14,17,3,0.0,-0.011414170265197754,-0.016436368227005005
13,audio,1,15,18,3,0.0,-0.00297701358795166,-0.0029387474060058594
13,audio,1,16,19,3,0.0,0.0018569231033325195,0.004429072141647339
13,audio,1,17,20,3,0.0,0.0071437060832977295,0.013271868228912354
13,audio,1,18,21,3,0.0,0.007840216159820557,0.011685073375701904
13,audio,1,19,22,3,0.0,0.009577393531799316,0.01436200737953186
13,audio,1,20,23,3,0.0,0.014674603939056396,0.01848176121711731
13,audio,1,21,24,3,0.0,0.01696866750717163,0.02187424898147583
13,audio,1,22,25,3,0.0,0.011761248111724854,0.014438152313232422
13,audio,1,23,26,3,0.0,0.007296383380889893,0.008453130722045898
13,audio,1,24,27,3,0.0,0.004951536655426025,0.00807124376296997
13,audio,1,25,28,3,0.0,0.0001703798770904541,0.0030266642570495605
13,audio,1,26,29,3,0.0,-0.0015776753425598145,0.0004490017890930176
13,audio,1,27,30,3,0.0,-0.0035691261291503906,-0.0026126503944396973
13,audio,1,28,31,3,0.0,-0.0022357404232025146,-0.0009634494781494141
13,vision,2,1,4,3,1.0,-0.0003383159637451172,-0.0003304481506347656
13,vision,2,2,5,3,1.0,-0.0017825961112976074,-0.0014802217483520508
13,vision,2,3,6,3,1.0,-4.175305366516113e-05,0.0007798671722412109
13,vision,2,4,7,3,1.0,-4.172325134277344e-05,0.0007798969745635986
13,vision,2,5,8,3,1.0,-4.172325134277344e-05,0.0007798671722412109
13,vision,2,6,9,3,1.0,-4.172325134277344e-05,0.0007798671722412109
13,vision,2,7,10,3,1.0,-4.172325134277344e-05,0.0007798671722412109
13,vision,2,8,11,3,1.0,-4.172325134277344e-05,0.0007798671722412109
13,vision,2,9,12,3,1.0,-4.175305366516113e-05,0.0007798969745635986
13,vision,2,10,13,3,1.0,-4.175305366516113e-05,0.0007799267768859863
13,vision,2,11,14,3,1.0,-4.175305366516113e-05,0.0007798671722412109
13,vision,2,12,15,3,1.0,-4.172325134277344e-05,0.0007798969745635986
13,vision,2,13,16,3,1.0,-4.172325134277344e-05,0.0007798671722412109
13,vision,2,14,17,3,1.0,-4.172325134277344e-05,0.0007798671722412109
13,vision,2,15,18,3,1.0,-4.172325134277344e-05,0.0007798671722412109
13,vision,2,16,19,3,1.0,-4.172325134277344e-05,0.0007798671722412109
13,vision,2,17,20,3,1.0,-4.175305366516113e-05,0.0007798969745635986
13,vision,2,18,21,3,1.0,-4.175305366516113e-05,0.0007799267768859863
13,vision,2,19,22,3,1.0,-4.175305366516113e-05,0.0007798671722412109
13,vision,2,20,23,3,1.0,-4.172325134277344e-05,0.0007798969745635986
13,vision,2,21,24,3,1.0,-4.172325134277344e-05,0.0007798671722412109
13,vision,2,22,25,3,1.0,-4.172325134277344e-05,0.0007798671722412109
13,vision,2,23,26,3,1.0,-4.172325134277344e-05,0.0007798671722412109
13,vision,2,24,27,3,1.0,-4.172325134277344e-05,0.0007798373699188232
13,vision,2,25,28,3,1.0,-4.175305366516113e-05,0.0007798969745635986
13,vision,2,26,29,3,1.0,-4.175305366516113e-05,0.0007798373699188232
13,vision,2,27,30,3,1.0,-0.0017825663089752197,-0.0014802217483520508
13,vision,2,28,31,3,1.0,-0.0003383755683898926,-0.0003304481506347656
14,text,0,1,4,3,0.0,-0.005165159702301025,-0.010491251945495605
14,text,0,2,5,3,0.0,-0.0028755664825439453,-0.007957398891448975
14,text,0,3,6,3,0.0,0.01459413766860962,0.025525212287902832
14,text,0,4,7,3,0.0,0.046291887760162354,0.0783989429473877
14,text,0,5,8,3,0.0,0.042762577533721924,0.07143020629882812
14,text,0,6,9,3,0.0,0.03642463684082031,0.06278097629547119
14,text,0,7,10,3,0.0,0.005997002124786377,0.00981837511062622
14,text,0,8,11,3,0.0,0.012188613414764404,0.02156352996826172
14,text,0,9,12,3,0.0,0.009024202823638916,0.013451576232910156
14,text,0,10,13,3,0.0,0.00440448522567749,0.005173623561859131
14,text,0,11,14,3,0.0,0.004289507865905762,0.004382193088531494
14,text,0,12,15,3,0.0,0.008764803409576416,0.016205906867980957
14,text,0,13,16,3,0.0,0.012808084487915039,0.02360081672668457
14,text,0,14,17,3,0.0,0.007543087005615234,0.014671504497528076
14,text,0,15,18,3,0.0,-0.006837069988250732,-0.011585056781768799
14,text,0,16,19,3,0.0,-0.013469696044921875,-0.024627089500427246
14,text,0,17,20,3,0.0,-0.0030938386917114258,-0.0051667094230651855
14,text,0,18,21,3,0.0,0.009239137172698975,0.01569432020187378
14,text,0,19,22,3,0.0,0.00023484230041503906,-0.002330601215362549
14,text,0,20,23,3,0.0,-0.014429271221160889,-0.029447436332702637
14,text,0,21,24,3,0.0,-0.03266197443008423,-0.07247722148895264
14,text,0,22,25,3,0.0,-0.02853250503540039,-0.058469295501708984
14,text,0,23,26,3,0.0,-0.03916668891906738,-0.08592283725738525
14,text,0,24,27,3,0.0,-0.020899653434753418,-0.04644441604614258
14,text,0,25,28,3,0.0,-0.027208149433135986,-0.06432926654815674
14,text,0,26,29,3,0.0,0.018881678581237793,0.02110302448272705
14,text,0,27,30,3,0.0,0.02143615484237671,0.025712907314300537
14,text,0,28,31,3,0.0,0.04838591814041138,0.07462507486343384
14,text,0,29,32,3,0.0,0.005324184894561768,0.01233530044555664
14,text,0,30,33,3,0.0,-0.004295408725738525,-0.0054435133934021
14,text,0,31,34,3,0.0,-0.005277097225189209,-0.006901383399963379
14,text,0,32,35,3,0.0,0.0015431046485900879,0.0032015442848205566
14,text,0,33,36,3,0.0,0.010136783123016357,0.016440212726593018
14,audio,1,1,4,3,0.0,0.0031341910362243652,0.006171584129333496
14,audio,1,2,5,3,0.0,0.0028150081634521484,0.0046187639236450195
14,audio,1,3,6,3,0.0,0.0015450716018676758,0.0010697245597839355
14,audio,1,4,7,3,0.0,0.0012108087539672852,-0.0006988048553466797
14,audio,1,5,8,3,0.0,0.0021639466285705566,0.0025368332862854004
14,audio,1,6,9,3,0.0,0.003018498420715332,0.0056792497634887695
14,audio,1,7,10,3,0.0,0.003216981887817383,0.00675201416015625
14,audio,1,8,11,3,0.0,0.004075288772583008,0.006436586380004883
14,audio,1,9,12,3,0.0,0.002967357635498047,0.0035964250564575195
14,audio,1,10,13,3,0.0,0.006508767604827881,0.006359398365020752
14,audio,1,11,14,3,0.0,0.004595339298248291,0.0023927688598632812
14,audio,1,12,15,3,0.0,0.0036704540252685547,0.0045702457427978516
14,audio,1,13,16,3,0.0,0.003013312816619873,0.005766034126281738
14,audio,1,14,17,3,0.0,0.0033372044563293457,0.008402824401855469
14,audio,1,15,18,3,0.0,0.003642141819000244,0.010079622268676758
14,audio,1,16,19,3,0.0,0.0031648874282836914,0.007171273231506348
14,audio,1,17,20,3,0.0,0.0007330775260925293,0.00109940767288208
14,audio,1,18,21,3,0.0,-5.549192428588867e-05,-0.00123518705368042
14,audio,1,19,22,3,0.0,-0.0012239813804626465,-0.0030558109283447266
14,audio,1,20,23,3,0.0,0.00014698505401611328,9.930133819580078e-05
14,audio,1,21,24,3,0.0,0.0006894469261169434,0.0021573305130004883
14,audio,1,22,25,3,0.0,0.0006644129753112793,0.002194523811340332
14,audio,1,23,26,3,0.0,0.00012356042861938477,0.000344693660736084
14,audio,1,24,27,3,0.0,-0.0005600452423095703,-0.0002485513687133789
14,audio,1,25,28,3,0.0,-0.0009171366691589355,-0.0010564327239990234
14,audio,1,26,29,3,0.0,-0.0010679960250854492,-0.0016594529151916504
14,audio,1,27,30,3,0.0,-0.0010352730751037598,-0.0014985203742980957
14,audio,1,28,31,3,0.0,-0.0018871426582336426,-0.002898573875427246
14,audio,1,29,32,3,0.0,-0.002055823802947998,-0.0028995275497436523
14,audio,1,30,33,3,0.0,-0.002591252326965332,-0.0033669471740722656
14,audio,1,31,34,3,0.0,-0.002180814743041992,-0.0016200542449951172
14,audio,1,32,35,3,0.0,-0.006017327308654785,-0.0077329277992248535
14,audio,1,33,36,3,0.0,-0.00536501407623291,-0.006047368049621582
14,vision,2,1,4,3,0.0,0.002606034278869629,0.0028174519538879395
14,vision,2,2,5,3,0.0,0.002043604850769043,0.001883387565612793
14,vision,2,3,6,3,0.0,0.001244187355041504,0.0008171796798706055
14,vision,2,4,7,3,0.0,0.00023156404495239258,-0.0007539987564086914
14,vision,2,5,8,3,0.0,0.0010204911231994629,0.0011941194534301758
14,vision,2,6,9,3,0.0,0.001149296760559082,0.0020450353622436523
14,vision,2,7,10,3,0.0,0.0009133219718933105,0.001973867416381836
14,vision,2,8,11,3,0.0,0.0009877681732177734,0.002773284912109375
14,vision,2,9,12,3,0.0,0.0006812810897827148,0.0021815896034240723
14,vision,2,10,13,3,0.0,0.00012612342834472656,0.00124436616897583
14,vision,2,11,14,3,0.0,-0.0009644627571105957,-0.0005128979682922363
14,vision,2,12,15,3,0.0,-0.0010056495666503906,-0.0007093548774719238
14,vision,2,13,16,3,0.0,-0.0009047985076904297,-0.0006185770034790039
14,vision,2,14,17,3,0.0,-0.000980377197265625,-3.7670135498046875e-05
14,vision,2,15,18,3,0.0,-0.0010323524475097656,0.0004132986068725586
14,vision,2,16,19,3,0.0,-0.0012636780738830566,-0.0001188516616821289
14,vision,2,17,20,3,0.0,-2.4974346160888672e-05,0.003792881965637207
14,vision,2,18,21,3,0.0,0.003496229648590088,0.011454582214355469
14,vision,2,19,22,3,0.0,0.0033625364303588867,0.011082231998443604
14,vision,2,20,23,3,0.0,0.0034839510917663574,0.011073052883148193
14,vision,2,21,24,3,0.0,0.001374959945678711,0.006046295166015625
14,vision,2,22,25,3,0.0,-0.0013516545295715332,-0.0009561777114868164
14,vision,2,23,26,3,0.0,-0.0016152262687683105,-0.0011777877807617188
14,vision,2,24,27,3,0.0,-0.0012892484664916992,-0.0008765459060668945
14,vision,2,25,28,3,0.0,-0.0009291768074035645,-0.0001925826072692871
14,vision,2,26,29,3,0.0,0.0014580488204956055,0.006579279899597168
14,vision,2,27,30,3,0.0,0.002382218837738037,0.008299410343170166
14,vision,2,28,31,3,0.0,0.002439141273498535,0.008465886116027832
14,vision,2,29,32,3,0.0,0.002172410488128662,0.008035719394683838
14,vision,2,30,33,3,0.0,0.0014944076538085938,0.006242990493774414
14,vision,2,31,34,3,0.0,0.008241593837738037,0.01835775375366211
14,vision,2,32,35,3,0.0,0.013274312019348145,0.02933180332183838
14,vision,2,33,36,3,0.0,0.013953447341918945,0.029868900775909424
15,text,0,1,4,3,0.0,-0.05962595343589783,-0.1907927691936493
15,text,0,2,5,3,0.0,-0.012727737426757812,-0.066866934299469
15,text,0,3,6,3,0.0,-0.11012420058250427,-0.3263567388057709
15,text,0,4,7,3,0.0,-0.06059354543685913,-0.19327586889266968
15,text,0,5,8,3,0.0,-0.08569401502609253,-0.24357452988624573
15,text,0,6,9,3,0.0,-0.021247953176498413,-0.05084266513586044
15,text,0,7,10,3,0.0,0.008334934711456299,0.06726044416427612
15,text,0,8,11,3,0.0,0.01991918683052063,0.06907200813293457
15,text,0,9,12,3,0.0,0.03870302438735962,0.12963294982910156
15,text,0,10,13,3,0.0,0.0891069769859314,0.2736930251121521
15,text,0,11,14,3,0.0,0.08755829930305481,0.1776326298713684
15,text,0,12,15,3,0.0,0.06207898259162903,0.13947777450084686
15,text,0,13,16,3,0.0,-0.07298660278320312,-0.2405208796262741
15,text,0,14,17,3,0.0,-0.026870369911193848,-0.10164199024438858
15,text,0,15,18,3,0.0,-0.02519214153289795,-0.10475627332925797
15,text,0,16,19,3,0.0,0.0022790133953094482,-0.016496427357196808
15,text,0,17,20,3,0.0,0.0032998621463775635,-0.014994122087955475
15,text,0,18,21,3,0.0,0.024237632751464844,0.06646262109279633
15,text,0,19,22,3,0.0,0.04567772150039673,0.176097109913826
15,audio,1,1,4,3,0.0,0.015587449073791504,0.03351076692342758
15,audio,1,2,5,3,0.0,0.009554266929626465,0.015189498662948608
15,audio,1,3,6,3,0.0,0.0015360713005065918,0.0053725093603134155
15,audio,1,4,7,3,0.0,0.0007523000240325928,0.0059288665652275085
15,audio,1,5,8,3,0.0,0.00546717643737793,0.015744946897029877
15,audio,1,6,9,3,0.0,0.004668295383453369,0.010959789156913757
15,audio,1,7,10,3,0.0,0.0066897571086883545,0.014644689857959747
15,audio,1,8,11,3,0.0,0.001570671796798706,0.0025588497519493103
15,audio,1,9,12,3,0.0,0.002959012985229492,0.006621871143579483
15,audio,1,10,13,3,0.0,0.0007530450820922852,0.0011168867349624634
15,audio,1,11,14,3,0.0,0.0005254745483398438,0.0003734901547431946
15,audio,1,12,15,3,0.0,-0.00040990114212036133,-0.0029205530881881714
15,audio,1,13,16,3,0.0,0.004018962383270264,0.011240795254707336
15,audio,1,14,17,3,0.0,0.00350382924079895,0.009790919721126556
15,audio,1,15,18,3,0.0,0.00341641902923584,0.011964492499828339
15,audio,1,16,19,3,0.0,-0.0009386241436004639,0.0008112117648124695
15,audio,1,17,20,3,0.0,-0.0023203492164611816,-0.0034478753805160522
15,audio,1,18,21,3,0.0,-0.00334128737449646,-0.006611205637454987
15,audio,1,19,22,3,0.0,-0.002802908420562744,-0.005653858184814453
15,vision,2,1,4,3,0.0,-0.0013467669486999512,-0.000660240650177002
15,vision,2,2,5,3,0.0,-0.0019354522228240967,-0.0015886947512626648
15,vision,2,3,6,3,0.0,0.001514136791229248,0.0057869404554367065
15,vision,2,4,7,3,0.0,0.0014368295669555664,0.003931101411581039
15,vision,2,5,8,3,0.0,0.0008394420146942139,0.002557307481765747
15,vision,2,6,9,3,0.0,-0.001308143138885498,-0.002262890338897705
15,vision,2,7,10,3,0.0,-0.004176437854766846,-0.007570594549179077
15,vision,2,8,11,3,0.0,-0.007797360420227051,-0.016072668135166168
15,vision,2,9,12,3,0.0,-0.008143305778503418,-0.017238155007362366
15,vision,2,10,13,3,0.0,-0.0046253204345703125,-0.007467098534107208
15,vision,2,11,14,3,0.0,-0.0005189776420593262,0.0020189806818962097
15,vision,2,12,15,3,0.0,0.001072704792022705,0.004630386829376221
15,vision,2,13,16,3,0.0,0.0020464956760406494,0.010259401053190231
15,vision,2,14,17,3,0.0,0.0009460151195526123,0.007299743592739105
15,vision,2,15,18,3,0.0,0.0021067261695861816,0.009571947157382965
15,vision,2,16,19,3,0.0,0.0014177560806274414,0.006622042506933212
15,vision,2,17,20,3,0.0,0.004195719957351685,0.015581615269184113
15,vision,2,18,21,3,0.0,0.016459167003631592,0.04820273816585541
15,vision,2,19,22,3,0.0,0.02443993091583252,0.06067640334367752
16,text,0,1,4,3,0.0,0.03137814998626709,-0.1061943769454956
16,text,0,2,5,3,0.0,0.008469462394714355,0.007779121398925781
16,text,0,3,6,3,0.0,0.039036571979522705,-0.24346709251403809
16,text,0,4,7,3,0.0,0.0819094181060791,-0.3818237781524658
16,text,0,5,8,3,0.0,0.09537017345428467,-0.4284186363220215
16,text,0,6,9,3,0.0,0.0017871856689453125,0.018208742141723633
16,text,0,7,10,3,0.0,-0.013470947742462158,0.08402347564697266
16,text,0,8,11,3,0.0,0.04623520374298096,-0.28831756114959717
16,text,0,9,12,3,0.0,0.03953850269317627,-0.24803924560546875
16,audio,1,1,4,3,0.0,0.0006073713302612305,-0.013614892959594727
16,audio,1,2,5,3,0.0,-0.0015462040901184082,0.005877971649169922
16,audio,1,3,6,3,0.0,-0.0069811344146728516,0.05998945236206055
16,audio,1,4,7,3,0.0,-0.015393733978271484,0.13420343399047852
16,audio,1,5,8,3,0.0,-0.026931285858154297,0.24268078804016113
16,audio,1,6,9,3,0.0,-0.022418856620788574,0.2135932445526123
16,audio,1,7,10,3,0.0,-0.010389328002929688,0.13352060317993164
16,audio,1,8,11,3,0.0,0.026267707347869873,-0.0764315128326416
16,audio,1,9,12,3,0.0,0.03921222686767578,-0.1563572883605957
16,vision,2,1,4,3,0.0,0.003534078598022461,-0.012709379196166992
16,vision,2,2,5,3,0.0,0.0071007609367370605,-0.031462669372558594
16,vision,2,3,6,3,0.0,0.006672859191894531,-0.033837080001831055
16,vision,2,4,7,3,0.0,0.007339119911193848,-0.04567217826843262
16,vision,2,5,8,3,0.0,0.007820069789886475,-0.04835796356201172
16,vision,2,6,9,3,0.0,0.0038015246391296387,-0.024460554122924805
16,vision,2,7,10,3,0.0,-2.8014183044433594e-06,-0.0006582736968994141
16,vision,2,8,11,3,0.0,-0.006692647933959961,0.048963308334350586
16,vision,2,9,12,3,0.0,-0.006093859672546387,0.043173909187316895
17,text,0,1,4,3,0.0,-0.009509086608886719,-0.08556091785430908
17,text,0,2,5,3,0.0,-0.0014694929122924805,-0.03428041934967041
17,text,0,3,6,3,0.0,0.0026612281799316406,-0.02072584629058838
17,text,0,4,7,3,0.0,0.008148133754730225,0.013040423393249512
17,text,0,5,8,3,0.0,0.010386168956756592,0.024868011474609375
17,text,0,6,9,3,0.0,0.03605097532272339,0.0915299654006958
17,text,0,7,10,3,0.0,0.026340246200561523,0.06096076965332031
17,text,0,8,11,3,0.0,0.02203422784805298,0.05735659599304199
17,text,0,9,12,3,0.0,0.0020183324813842773,0.001044631004333496
17,text,0,10,13,3,0.0,0.024821102619171143,0.12201118469238281
17,text,0,11,14,3,0.0,0.025174438953399658,0.12348300218582153
17,text,0,12,15,3,0.0,0.02184593677520752,0.10201185941696167
17,text,0,13,16,3,0.0,0.008470237255096436,0.04373776912689209
17,text,0,14,17,3,0.0,-0.0013722777366638184,0.013758063316345215
17,text,0,15,18,3,0.0,-0.001834869384765625,0.022200465202331543
17,text,0,16,19,3,0.0,0.005621969699859619,0.047052979469299316
17,text,0,17,20,3,0.0,0.011068761348724365,0.054254889488220215
17,text,0,18,21,3,0.0,0.01216977834701538,0.032158613204956055
17,text,0,19,22,3,0.0,0.0021414756774902344,-0.010569453239440918
17,text,0,20,23,3,0.0,0.005946218967437744,-0.009854555130004883
17,text,0,21,24,3,0.0,0.00535815954208374,0.023116588592529297
17,text,0,22,25,3,0.0,0.004024326801300049,0.019028782844543457
17,audio,1,1,4,3,0.0,0.0020763278007507324,-0.0034865140914916992
17,audio,1,2,5,3,0.0,0.0033802390098571777,0.0035630464553833008
17,audio,1,3,6,3,0.0,0.0033078789710998535,0.009739041328430176
17,audio,1,4,7,3,0.0,0.002428770065307617,0.013144731521606445
17,audio,1,5,8,3,0.0,0.0010361075401306152,0.004491448402404785
17,audio,1,6,9,3,0.0,0.0010395050048828125,0.004178881645202637
17,audio,1,7,10,3,0.0,0.0013514161109924316,0.003521442413330078
17,audio,1,8,11,3,0.0,0.0041062235832214355,0.016176462173461914
17,audio,1,9,12,3,0.0,0.009170830249786377,0.04464912414550781
17,audio,1,10,13,3,0.0,0.008225798606872559,0.04045283794403076
17,audio,1,11,14,3,0.0,0.0048830509185791016,0.02269899845123291
17,audio,1,12,15,3,0.0,0.0036876797676086426,0.01799643039703369
17,audio,1,13,16,3,0.0,0.0011995434761047363,0.00849306583404541
17,audio,1,14,17,3,0.0,-0.0007728934288024902,-0.0005741119384765625
17,audio,1,15,18,3,0.0,-0.002508878707885742,-0.004955649375915527
17,audio,1,16,19,3,0.0,-0.002016723155975342,-0.002716660499572754
17,audio,1,17,20,3,0.0,-0.0010122060775756836,0.0006977319717407227
17,audio,1,18,21,3,0.0,0.0009166598320007324,0.006204485893249512
17,audio,1,19,22,3,0.0,-0.0008232593536376953,-0.005959868431091309
17,audio,1,20,23,3,0.0,0.0003879666328430176,-0.000980973243713379
17,audio,1,21,24,3,0.0,0.0009179115295410156,-0.0011382102966308594
17,audio,1,22,25,3,0.0,0.0014107823371887207,0.0021840333938598633
17,vision,2,1,4,3,0.0,0.00045245885848999023,0.002022385597229004
17,vision,2,2,5,3,0.0,0.0006040334701538086,0.003220200538635254
17,vision,2,3,6,3,0.0,0.0012071728706359863,0.006975769996643066
17,vision,2,4,7,3,0.0,0.0007821917533874512,0.0047457218170166016
17,vision,2,5,8,3,0.0,0.00038295984268188477,0.0034121274948120117
17,vision,2,6,9,3,0.0,0.00070953369140625,0.004150867462158203
17,vision,2,7,10,3,0.0,0.0004457235336303711,0.002020120620727539
17,vision,2,8,11,3,0.0,0.0003701448440551758,0.00018537044525146484
17,vision,2,9,12,3,0.0,-0.00017470121383666992,-0.002299189567565918
17,vision,2,10,13,3,0.0,-0.0002811551094055176,-0.0025044679641723633
17,vision,2,11,14,3,0.0,-0.00026303529739379883,-0.002179741859436035
17,vision,2,12,15,3,0.0,-5.328655242919922e-05,-0.00029838085174560547
17,vision,2,13,16,3,0.0,-1.0311603546142578e-05,0.0010148286819458008
17,vision,2,14,17,3,0.0,0.0008460879325866699,0.008030891418457031
17,vision,2,15,18,3,0.0,0.00027686357498168945,0.007440924644470215
17,vision,2,16,19,3,0.0,-0.0008621811866760254,-0.0015197992324829102
17,vision,2,17,20,3,0.0,-0.0016620755195617676,-0.017432093620300293
17,vision,2,18,21,3,0.0,-0.002328038215637207,-0.03069770336151123
17,vision,2,19,22,3,0.0,-0.004251599311828613,-0.0455402135848999
17,vision,2,20,23,3,0.0,-0.0066239237785339355,-0.05914032459259033
17,vision,2,21,24,3,0.0,-0.005788862705230713,-0.04110109806060791
17,vision,2,22,25,3,0.0,-0.0027797818183898926,-0.015871882438659668
18,text,0,1,4,3,0.0,-0.00015628337860107422,0.024265825748443604
18,text,0,2,5,3,0.0,-2.5570392608642578e-05,0.029814153909683228
18,text,0,3,6,3,0.0,-0.0004907846450805664,0.03995808959007263
18,text,0,4,7,3,0.0,-0.0064125657081604,0.04325711727142334
18,text,0,5,8,3,0.0,0.01605808734893799,0.03295624256134033
18,text,0,6,9,3,0.0,0.033989161252975464,0.04913771152496338
18,text,0,7,10,3,0.0,0.021380990743637085,0.048069894313812256
18,text,0,8,11,3,0.0,0.029930472373962402,0.031498491764068604
18,text,0,9,12,3,0.0,0.02680128812789917,-0.00959634780883789
18,text,0,10,13,3,0.0,0.02520120143890381,-0.026571035385131836
18,text,0,11,14,3,0.0,-0.00022900104522705078,0.01968744397163391
18,text,0,12,15,3,0.0,-0.0040482282638549805,0.03634357452392578
18,text,0,13,16,3,0.0,-0.009060025215148926,0.0942939966917038
18,text,0,14,17,3,0.0,-0.0065457820892333984,0.06251344084739685
18,text,0,15,18,3,0.0,-0.0012999773025512695,0.026664435863494873
18,text,0,16,19,3,0.0,-0.0017222166061401367,-0.0031385719776153564
18,text,0,17,20,3,0.0,0.0030490756034851074,-0.015670835971832275
18,text,0,18,21,3,0.0,-0.013316035270690918,0.03379368782043457
18,text,0,19,22,3,0.0,-0.014645397663116455,0.03823569416999817
18,text,0,20,23,3,0.0,-0.011295080184936523,0.02642035484313965
18,text,0,21,24,3,0.0,-0.010005772113800049,-0.02267184853553772
18,text,0,22,25,3,0.0,-0.008528351783752441,-0.026240408420562744
18,text,0,23,26,3,0.0,0.0034323930740356445,-0.013415753841400146
18,text,0,24,27,3,0.0,-0.014522373676300049,0.007610917091369629
18,text,0,25,28,3,0.0,0.00034564733505249023,-0.005662798881530762
18,text,0,26,29,3,0.0,0.004534304141998291,-0.031532466411590576
18,text,0,27,30,3,0.0,0.05538621544837952,-0.11094233393669128
18,text,0,28,31,3,0.0,0.01653537154197693,-0.07323190569877625
18,text,0,29,32,3,0.0,0.006259441375732422,-0.012925028800964355
18,text,0,30,33,3,0.0,0.004940390586853027,0.0719614028930664
18,text,0,31,34,3,0.0,-0.006375610828399658,0.029371321201324463
18,text,0,32,35,3,0.0,-0.0025058984756469727,-0.01179233193397522
18,text,0,33,36,3,0.0,-0.0009253621101379395,-0.041581690311431885
18,text,0,34,37,3,0.0,-0.0059667229652404785,-0.0348089337348938
18,text,0,35,38,3,0.0,-0.007477104663848877,-0.0365900993347168
18,text,0,36,39,3,0.0,-0.00899505615234375,-0.004677921533584595
18,text,0,37,40,3,0.0,0.03483802080154419,-0.014581024646759033
18,text,0,38,41,3,0.0,0.024364054203033447,-0.07083815336227417
18,text,0,39,42,3,0.0,0.03276163339614868,-0.07551902532577515
18,text,0,40,43,3,0.0,0.012541890144348145,-0.06406190991401672
18,text,0,41,44,3,0.0,-0.002181112766265869,-0.009271413087844849
18,text,0,42,45,3,0.0,-0.009912610054016113,-0.004767894744873047
18,text,0,43,46,3,0.0,-0.004560410976409912,-0.007827699184417725
18,text,0,44,47,3,0.0,0.012399852275848389,-0.02841806411743164
18,text,0,45,48,3,0.0,0.013200759887695312,-0.021990180015563965
18,text,0,46,49,3,0.0,0.00547182559967041,-0.0057450830936431885
18,audio,1,1,4,3,0.0,0.007589161396026611,-0.015384912490844727
18,audio,1,2,5,3,0.0,0.010917484760284424,-0.01986423134803772
18,audio,1,3,6,3,0.0,0.008597195148468018,-0.012278556823730469
18,audio,1,4,7,3,0.0,0.0049571990966796875,-0.003458380699157715
18,audio,1,5,8,3,0.0,0.0033049583435058594,-0.0023310482501983643
18,audio,1,6,9,3,0.0,0.0003260374069213867,0.00192183256149292
18,audio,1,7,10,3,0.0,-0.0008393526077270508,0.003187716007232666
18,audio,1,8,11,3,0.0,-0.0013358592987060547,0.0024240612983703613
18,audio,1,9,12,3,0.0,-0.0011992454528808594,0.0026047229766845703
18,audio,1,10,13,3,0.0,8.988380432128906e-05,0.0012578070163726807
18,audio,1,11,14,3,0.0,0.0005966424942016602,0.0009960532188415527
18,audio,1,12,15,3,0.0,-0.0005992650985717773,-0.005414366722106934
18,audio,1,13,16,3,0.0,-0.0011677145957946777,-0.002777308225631714
18,audio,1,14,17,3,0.0,-0.002815842628479004,0.001085519790649414
18,audio,1,15,18,3,0.0,-0.0067424774169921875,0.008733093738555908
18,audio,1,16,19,3,0.0,-0.005501866340637207,0.008619695901870728
18,audio,1,17,20,3,0.0,-0.0038996338844299316,0.008809477090835571
18,audio,1,18,21,3,0.0,-0.003378927707672119,0.007476747035980225
18,audio,1,19,22,3,0.0,-0.004010379314422607,0.010570049285888672
18,audio,1,20,23,3,0.0,-0.003329634666442871,0.009981006383895874
18,audio,1,21,24,3,0.0,-0.0036010146141052246,0.010982334613800049
18,audio,1,22,25,3,0.0,-0.00231248140335083,0.007357507944107056
18,audio,1,23,26,3,0.0,-0.00012481212615966797,0.0011785030364990234
18,audio,1,24,27,3,0.0,-0.0001055598258972168,0.0005173981189727783
18,audio,1,25,28,3,0.0,-0.00012958049774169922,0.0003052353858947754
18,audio,1,26,29,3,0.0,-0.0010366439819335938,0.0012063086032867432
18,audio,1,27,30,3,0.0,-0.0010144710540771484,0.001631230115890503
18,audio,1,28,31,3,0.0,-0.0017066001892089844,0.0025653839111328125
18,audio,1,29,32,3,0.0,-0.0021260976791381836,0.005458533763885498
18,audio,1,30,33,3,0.0,-0.0017282962799072266,0.006065785884857178
18,audio,1,31,34,3,0.0,-0.0025014281272888184,0.006978213787078857
18,audio,1,32,35,3,0.0,-0.003365755081176758,0.00966191291809082
18,audio,1,33,36,3,0.0,-0.003037571907043457,0.008476018905639648
18,audio,1,34,37,3,0.0,-0.0027260184288024902,0.006618082523345947
18,audio,1,35,38,3,0.0,-0.0018439888954162598,0.0040909647941589355
18,audio,1,36,39,3,0.0,-0.0009369850158691406,0.002113938331604004
18,audio,1,37,40,3,0.0,6.639957427978516e-05,-0.0001963973045349121
18,audio,1,38,41,3,0.0,-0.0007603764533996582,0.0009285807609558105
18,audio,1,39,42,3,0.0,-0.00042426586151123047,0.001546621322631836
18,audio,1,40,43,3,0.0,-0.00024580955505371094,0.002826601266860962
18,audio,1,41,44,3,0.0,-0.0005335211753845215,0.0029352009296417236
18,audio,1,42,45,3,0.0,0.0011644363403320312,-0.0005042850971221924
18,audio,1,43,46,3,0.0,-0.0001842975616455078,-0.00043267011642456055
18,audio,1,44,47,3,0.0,-0.0017474889755249023,0.003389716148376465
18,audio,1,45,48,3,0.0,-0.0013073086738586426,-1.6897916793823242e-05
18,audio,1,46,49,3,0.0,-0.0005327463150024414,-0.0007827877998352051
18,vision,2,1,4,3,0.0,0.00038313865661621094,8.0108642578125e-05
18,vision,2,2,5,3,0.0,0.002091705799102783,-0.0029701590538024902
18,vision,2,3,6,3,0.0,0.0017307400703430176,-0.0012243390083312988
18,vision,2,4,7,3,0.0,0.0016999244689941406,-0.0011544227600097656
18,vision,2,5,8,3,0.0,0.0016918778419494629,-0.0011860132217407227
18,vision,2,6,9,3,0.0,0.0014588236808776855,-0.00130462646484375
18,vision,2,7,10,3,0.0,0.0011185407638549805,-0.0009388923645019531
18,vision,2,8,11,3,0.0,0.001225590705871582,-0.0008189678192138672
18,vision,2,9,12,3,0.0,0.001192331314086914,-0.0007789731025695801
18,vision,2,10,13,3,0.0,0.0012695789337158203,-0.0009257197380065918
18,vision,2,11,14,3,0.0,0.0012693405151367188,-0.0010392367839813232
18,vision,2,12,15,3,0.0,0.0014075040817260742,-0.001195073127746582
18,vision,2,13,16,3,0.0,0.00135725736618042,-0.0010957717895507812
18,vision,2,14,17,3,0.0,0.001302182674407959,-0.0010697245597839355
18,vision,2,15,18,3,0.0,0.0012604594230651855,-0.0010329782962799072
18,vision,2,16,19,3,0.0,0.0011011362075805664,-0.000977933406829834
18,vision,2,17,20,3,0.0,0.0011248588562011719,-0.001109302043914795
18,vision,2,18,21,3,0.0,0.0011472702026367188,-0.0010995864868164062
18,vision,2,19,22,3,0.0,0.001383662223815918,-0.0018878579139709473
18,vision,2,20,23,3,0.0,0.00266873836517334,-0.0021209120750427246
18,vision,2,21,24,3,0.0,0.0025504231452941895,-0.0026477575302124023
18,vision,2,22,25,3,0.0,0.002481520175933838,-0.0029249191284179688
18,vision,2,23,26,3,0.0,0.0020793676376342773,-0.001634836196899414
18,vision,2,24,27,3,0.0,0.002808809280395508,-0.001836925745010376
18,vision,2,25,28,3,0.0,0.0025684237480163574,-0.0014916658401489258
18,vision,2,26,29,3,0.0,0.0026845335960388184,-0.0018814504146575928
18,vision,2,27,30,3,0.0,0.00208967924118042,-0.0017830133438110352
18,vision,2,28,31,3,0.0,0.002050936222076416,-0.0023186206817626953
18,vision,2,29,32,3,0.0,0.002676546573638916,-0.0027958154678344727
18,vision,2,30,33,3,0.0,0.002796947956085205,-0.0034865736961364746
18,vision,2,31,34,3,0.0,0.0016055107116699219,-0.0013070106506347656
18,vision,2,32,35,3,0.0,0.0014563202857971191,-0.0008615851402282715
18,vision,2,33,36,3,0.0,0.001660466194152832,-0.0012049376964569092
18,vision,2,34,37,3,0.0,0.0016077160835266113,-0.001142740249633789
18,vision,2,35,38,3,0.0,0.001304924488067627,-0.001401066780090332
18,vision,2,36,39,3,0.0,0.0011809468269348145,-0.0009061694145202637
18,vision,2,37,40,3,0.0,0.0011733770370483398,-0.0009382069110870361
18,vision,2,38,41,3,0.0,0.002111494541168213,-0.0017415285110473633
18,vision,2,39,42,3,0.0,0.0027770400047302246,-0.0020633935928344727
18,vision,2,40,43,3,0.0,0.0024172067642211914,-0.0020638704299926758
18,vision,2,41,44,3,0.0,0.0022398829460144043,-0.0018036365509033203
18,vision,2,42,45,3,0.0,0.001252591609954834,-0.0005374550819396973
18,vision,2,43,46,3,0.0,0.0014122724533081055,-0.0005030035972595215
18,vision,2,44,47,3,0.0,0.0025712251663208008,-0.0012194812297821045
18,vision,2,45,48,3,0.0,-0.0008133053779602051,0.008043229579925537
18,vision,2,46,49,3,0.0,-0.0014354586601257324,0.007079064846038818
19,text,0,1,4,3,0.0,-0.021888911724090576,-0.06740212440490723
19,text,0,2,5,3,0.0,0.006915867328643799,0.0208815336227417
19,text,0,3,6,3,0.0,0.05073472857475281,0.15683656930923462
19,text,0,4,7,3,0.0,0.07889237999916077,0.24417522549629211
19,text,0,5,8,3,0.0,0.06196063756942749,0.19491207599639893
19,text,0,6,9,3,0.0,0.027836591005325317,0.08210951089859009
19,text,0,7,10,3,0.0,-0.011699140071868896,-0.04583066701889038
19,text,0,8,11,3,0.0,0.013805508613586426,0.03807121515274048
19,text,0,9,12,3,0.0,0.026239395141601562,0.07761204242706299
19,text,0,10,13,3,0.0,-0.01904994249343872,-0.06401252746582031
19,text,0,11,14,3,0.0,-0.030386269092559814,-0.09835219383239746
19,text,0,12,15,3,0.0,-0.017009615898132324,-0.04630404710769653
19,text,0,13,16,3,0.0,-0.021842122077941895,-0.058412790298461914
19,text,0,14,17,3,0.0,-0.03791701793670654,-0.10356932878494263
19,text,0,15,18,3,0.0,-0.10675036907196045,-0.29482412338256836
19,text,0,16,19,3,0.0,-0.06605672836303711,-0.19527965784072876
19,text,0,17,20,3,0.0,-0.08219718933105469,-0.24535906314849854
19,text,0,18,21,3,0.0,-0.041742146015167236,-0.1385175585746765
19,text,0,19,22,3,0.0,-0.01254051923751831,-0.02100050449371338
19,text,0,20,23,3,0.0,0.021457672119140625,0.07261532545089722
19,text,0,21,24,3,0.0,0.03607332706451416,0.11465626955032349
19,text,0,22,25,3,0.0,0.012211382389068604,0.03030329942703247
19,text,0,23,26,3,0.0,0.02740311622619629,0.08317047357559204
19,text,0,24,27,3,0.0,0.059938669204711914,0.18708324432373047
19,text,0,25,28,3,0.0,0.03322222828865051,0.10480237007141113
19,text,0,26,29,3,0.0,0.020663797855377197,0.06490814685821533
19,text,0,27,30,3,0.0,0.019688308238983154,0.0637694001197815
19,text,0,28,31,3,0.0,0.0026625990867614746,0.014178872108459473
19,text,0,29,32,3,0.0,0.013336241245269775,0.04662877321243286
19,text,0,30,33,3,0.0,-0.02547311782836914,-0.06521987915039062
19,text,0,31,34,3,0.0,0.005555510520935059,0.02619403600692749
19,text,0,32,35,3,0.0,-0.002949655055999756,0.00441586971282959
19,text,0,33,36,3,0.0,0.02869182825088501,0.08812659978866577
19,text,0,34,37,3,0.0,0.025253653526306152,0.07678079605102539
19,text,0,35,38,3,0.0,0.03524339199066162,0.10594606399536133
19,text,0,36,39,3,0.0,-0.001278698444366455,-0.0030036568641662598
19,text,0,37,40,3,0.0,-0.0051801204681396484,-0.015117466449737549
19,audio,1,1,4,3,0.0,0.0017338991165161133,0.005583763122558594
19,audio,1,2,5,3,0.0,0.001795947551727295,0.005886495113372803
19,audio,1,3,6,3,0.0,0.0003172755241394043,0.0017951726913452148
19,audio,1,4,7,3,0.0,-0.00017207860946655273,-0.0005363821983337402
19,audio,1,5,8,3,0.0,0.0011986494064331055,0.004102647304534912
19,audio,1,6,9,3,0.0,0.0007493495941162109,0.0037480592727661133
19,audio,1,7,10,3,0.0,0.0059233903884887695,0.01709151268005371
19,audio,1,8,11,3,0.0,0.011308491230010986,0.03245145082473755
19,audio,1,9,12,3,0.0,0.012408435344696045,0.03582078218460083
19,audio,1,10,13,3,0.0,0.01193302869796753,0.03360337018966675
19,audio,1,11,14,3,0.0,0.009108424186706543,0.022336244583129883
19,audio,1,12,15,3,0.0,0.0017491579055786133,0.003896653652191162
19,audio,1,13,16,3,0.0,0.0026845932006835938,0.007924377918243408
19,audio,1,14,17,3,0.0,0.0009676814079284668,0.0004965066909790039
19,audio,1,15,18,3,0.0,0.0007551312446594238,-6.514787673950195e-05
19,audio,1,16,19,3,0.0,-0.002394437789916992,-0.009387433528900146
19,audio,1,17,20,3,0.0,-0.005288183689117432,-0.01908135414123535
19,audio,1,18,21,3,0.0,-0.0052604079246521,-0.019372642040252686
19,audio,1,19,22,3,0.0,2.0623207092285156e-05,-0.0014829635620117188
19,audio,1,20,23,3,0.0,0.003962099552154541,0.011255025863647461
19,audio,1,21,24,3,0.0,0.009568095207214355,0.02927529811859131
19,audio,1,22,25,3,0.0,0.01686239242553711,0.04933387041091919
19,audio,1,23,26,3,0.0,0.019157588481903076,0.05474215745925903
19,audio,1,24,27,3,0.0,0.01542508602142334,0.04316818714141846
19,audio,1,25,28,3,0.0,0.008973360061645508,0.02454507350921631
19,audio,1,26,29,3,0.0,0.003951311111450195,0.009238004684448242
19,audio,1,27,30,3,0.0,0.0014620423316955566,0.004127800464630127
19,audio,1,28,31,3,0.0,0.0019646286964416504,0.006765604019165039
19,audio,1,29,32,3,0.0,0.0018004775047302246,0.006914019584655762
19,audio,1,30,33,3,0.0,0.0009884238243103027,0.003988862037658691
19,audio,1,31,34,3,0.0,-0.0018856525421142578,-0.006425440311431885
19,audio,1,32,35,3,0.0,-1.0609626770019531e-05,-0.001118004322052002
19,audio,1,33,36,3,0.0,-0.0008396506309509277,-0.004509925842285156
19,audio,1,34,37,3,0.0,-0.001487135887145996,-0.005907893180847168
19,audio,1,35,38,3,0.0,-0.002148866653442383,-0.006882905960083008
19,audio,1,36,39,3,0.0,-0.0025592446327209473,-0.007131636142730713
19,audio,1,37,40,3,0.0,-0.0021091103553771973,-0.00500565767288208
19,vision,2,1,4,3,0.0,-0.0002105236053466797,-0.0005942583084106445
19,vision,2,2,5,3,0.0,0.00011074542999267578,0.0009808540344238281
19,vision,2,3,6,3,0.0,0.0004456043243408203,0.0015080571174621582
19,vision,2,4,7,3,0.0,1.9311904907226562e-05,0.00043964385986328125
19,vision,2,5,8,3,0.0,0.00015622377395629883,0.0011600255966186523
19,vision,2,6,9,3,0.0,7.68899917602539e-05,0.0008423328399658203
19,vision,2,7,10,3,0.0,0.00010329484939575195,0.0011337995529174805
19,vision,2,8,11,3,0.0,-8.034706115722656e-05,0.0003267526626586914
19,vision,2,9,12,3,0.0,-0.0006179213523864746,-0.0014709234237670898
19,vision,2,10,13,3,0.0,0.0003401041030883789,0.0014370083808898926
19,vision,2,11,14,3,0.0,0.0006575584411621094,0.0020948052406311035
19,vision,2,12,15,3,0.0,3.24249267578125e-05,-0.0009045004844665527
19,vision,2,13,16,3,0.0,-0.0006118416786193848,-0.0027697086334228516
19,vision,2,14,17,3,0.0,-0.0009225606918334961,-0.003680288791656494
19,vision,2,15,18,3,0.0,-0.0007815957069396973,-0.003252267837524414
19,vision,2,16,19,3,0.0,-0.002531766891479492,-0.00903230905532837
19,vision,2,17,20,3,0.0,-0.0038440823554992676,-0.013113915920257568
19,vision,2,18,21,3,0.0,-0.004932880401611328,-0.015966832637786865
19,vision,2,19,22,3,0.0,0.006628811359405518,0.020339548587799072
19,vision,2,20,23,3,0.0,0.022000253200531006,0.0670585036277771
19,vision,2,21,24,3,0.0,0.024099409580230713,0.07356417179107666
19,vision,2,22,25,3,0.0,0.011027097702026367,0.034779489040374756
19,vision,2,23,26,3,0.0,0.003521263599395752,0.0129166841506958
19,vision,2,24,27,3,0.0,-2.282857894897461e-05,0.001917123794555664
19,vision,2,25,28,3,0.0,0.0006765127182006836,0.0032782554626464844
19,vision,2,26,29,3,0.0,0.0006946921348571777,0.00350111722946167
19,vision,2,27,30,3,0.0,0.0005713105201721191,0.0031848549842834473
19,vision,2,28,31,3,0.0,0.0005194544792175293,0.003150463104248047
19,vision,2,29,32,3,0.0,0.0004526376724243164,0.0031619668006896973
19,vision,2,30,33,3,0.0,0.0017911791801452637,0.007298707962036133
19,vision,2,31,34,3,0.0,0.002320706844329834,0.008995532989501953
19,vision,2,32,35,3,0.0,0.001567840576171875,0.0067691802978515625
19,vision,2,33,36,3,0.0,0.0007970333099365234,0.004344046115875244
19,vision,2,34,37,3,0.0,-0.00012534856796264648,0.0006940364837646484
19,vision,2,35,38,3,0.0,0.0007268786430358887,0.0035583972930908203
19,vision,2,36,39,3,0.0,0.0005027055740356445,0.002916693687438965
19,vision,2,37,40,3,0.0,0.0005265474319458008,0.0020224452018737793
20,text,0,1,4,3,0.0,0.021690726280212402,0.05017197132110596
20,text,0,2,5,3,0.0,0.01675093173980713,0.03600811958312988
20,text,0,3,6,3,0.0,0.005767226219177246,-0.012617945671081543
20,text,0,4,7,3,0.0,-0.011105358600616455,-0.05431818962097168
20,text,0,5,8,3,0.0,-0.01586592197418213,-0.07007193565368652
20,text,0,6,9,3,0.0,-0.0071299076080322266,-0.03007805347442627
20,text,0,7,10,3,0.0,-0.004551529884338379,-0.02217710018157959
20,text,0,8,11,3,0.0,-0.004752159118652344,-0.019933342933654785
20,text,0,9,12,3,0.0,0.012089848518371582,0.022599101066589355
20,text,0,10,13,3,0.0,0.013208091259002686,0.025925397872924805
20,text,0,11,14,3,0.0,0.022078871726989746,0.048371195793151855
20,text,0,12,15,3,0.0,0.012196481227874756,0.019678473472595215
20,text,0,13,16,3,0.0,0.01856696605682373,0.03830373287200928
20,text,0,14,17,3,0.0,0.0395779013633728,0.03976452350616455
20,text,0,15,18,3,0.0,0.023225009441375732,0.040831685066223145
20,text,0,16,19,3,0.0,0.019536495208740234,0.03635740280151367
20,text,0,17,20,3,0.0,0.031196653842926025,0.06895828247070312
20,text,0,18,21,3,0.0,0.0304945707321167,0.061443328857421875
20,text,0,19,22,3,0.0,0.030667603015899658,0.05588114261627197
20,text,0,20,23,3,0.0,-0.007342875003814697,-0.020974397659301758
20,text,0,21,24,3,0.0,-0.002451300621032715,-0.006041884422302246
20,text,0,22,25,3,0.0,0.0026401877403259277,0.02124202251434326
20,text,0,23,26,3,0.0,0.022151529788970947,0.05892622470855713
20,text,0,24,27,3,0.0,0.020367980003356934,0.05512797832489014
20,text,0,25,28,3,0.0,0.013901352882385254,0.029942870140075684
20,text,0,26,29,3,0.0,-0.02062004804611206,-0.05961728096008301
20,text,0,27,30,3,0.0,-0.02888774871826172,-0.0892791748046875
20,text,0,28,31,3,0.0,-0.028403103351593018,-0.08444225788116455
20,text,0,29,32,3,0.0,-0.01668006181716919,-0.037636756896972656
20,text,0,30,33,3,0.0,-0.0030001401901245117,-0.004449009895324707
20,text,0,31,34,3,0.0,-0.0006143450736999512,0.00022482872009277344
20,text,0,32,35,3,0.0,0.007287144660949707,0.014504313468933105
20,text,0,33,36,3,0.0,-0.0014039874076843262,-0.0063762664794921875
20,text,0,34,37,3,0.0,-0.009275197982788086,-0.0266188383102417
20,text,0,35,38,3,0.0,-0.013389170169830322,-0.042508482933044434
20,text,0,36,39,3,0.0,-0.010946035385131836,-0.03041064739227295
20,text,0,37,40,3,0.0,-0.009550690650939941,-0.026167631149291992
20,text,0,38,41,3,0.0,-0.009648323059082031,-0.026462078094482422
20,text,0,39,42,3,0.0,-0.001025378704071045,-0.0006778240203857422
20,text,0,40,43,3,0.0,0.010857820510864258,0.028726935386657715
20,text,0,41,44,3,0.0,0.016993045806884766,0.047535061836242676
20,audio,1,1,4,3,0.0,0.0015532970428466797,0.0036562681198120117
20,audio,1,2,5,3,0.0,0.0021249055862426758,0.007860541343688965
20,audio,1,3,6,3,0.0,0.0004146695137023926,0.003456711769104004
20,audio,1,4,7,3,0.0,-0.00029033422470092773,0.0008087158203125
20,audio,1,5,8,3,0.0,-7.855892181396484e-05,-0.0005096197128295898
20,audio,1,6,9,3,0.0,-0.0007476806640625,-0.0009630918502807617
20,audio,1,7,10,3,0.0,-0.00021207332611083984,8.678436279296875e-05
20,audio,1,8,11,3,0.0,-0.0002557039260864258,0.0006753206253051758
20,audio,1,9,12,3,0.0,-0.0001780986785888672,0.0019763708114624023
20,audio,1,10,13,3,0.0,-0.00017052888870239258,0.0015784502029418945
20,audio,1,11,14,3,0.0,-0.00019478797912597656,0.0002586841583251953
20,audio,1,12,15,3,0.0,-0.0005165338516235352,-0.0017647743225097656
20,audio,1,13,16,3,0.0,-0.0006701946258544922,-0.002978205680847168
20,audio,1,14,17,3,0.0,0.00011277198791503906,0.001772165298461914
20,audio,1,15,18,3,0.0,0.000634312629699707,0.0034638643264770508
20,audio,1,16,19,3,0.0,1.2516975402832031e-06,0.0009533166885375977
20,audio,1,17,20,3,0.0,0.00017851591110229492,0.0008069276809692383
20,audio,1,18,21,3,0.0,0.00020831823348999023,-0.0027855634689331055
20,audio,1,19,22,3,0.0,-0.00023502111434936523,-0.003085017204284668
20,audio,1,20,23,3,0.0,-0.0001474618911743164,-0.0013583898544311523
20,audio,1,21,24,3,0.0,-0.0006356239318847656,0.00030434131622314453
20,audio,1,22,25,3,0.0,-0.0002135634422302246,0.0032529830932617188
20,audio,1,23,26,3,0.0,-0.00022399425506591797,0.0029295682907104492
20,audio,1,24,27,3,0.0,0.0010164976119995117,0.007572531700134277
20,audio,1,25,28,3,0.0,0.00048607587814331055,0.0036340951919555664
20,audio,1,26,29,3,0.0,-0.00024956464767456055,0.0003300905227661133
20,audio,1,27,30,3,0.0,0.00018638372421264648,0.003915190696716309
20,audio,1,28,31,3,0.0,0.0019328594207763672,0.01332557201385498
20,audio,1,29,32,3,0.0,0.002281665802001953,0.014519929885864258
20,audio,1,30,33,3,0.0,0.002338886260986328,0.01472485065460205
20,audio,1,31,34,3,0.0,0.003421604633331299,0.01521313190460205
20,audio,1,32,35,3,0.0,0.0007944107055664062,0.004082918167114258
20,audio,1,33,36,3,0.0,0.00032138824462890625,0.001690983772277832
20,audio,1,34,37,3,0.0,0.0011521577835083008,0.0036094188690185547
20,audio,1,35,38,3,0.0,0.0012842416763305664,0.0037919282913208008
20,audio,1,36,39,3,0.0,0.0020261406898498535,0.007437348365783691
20,audio,1,37,40,3,0.0,0.003069281578063965,0.014203190803527832
20,audio,1,38,41,3,0.0,0.005407929420471191,0.020267844200134277
20,audio,1,39,42,3,0.0,0.006844282150268555,0.02295243740081787
20,audio,1,40,43,3,0.0,0.0076274871826171875,0.026734113693237305
20,audio,1,41,44,3,0.0,0.006373107433319092,0.022818684577941895
20,vision,2,1,4,3,0.0,-0.00047528743743896484,-0.0017304420471191406
20,vision,2,2,5,3,0.0,0.0002714395523071289,0.0007785558700561523
20,vision,2,3,6,3,0.0,0.0008699297904968262,0.0030679702758789062
20,vision,2,4,7,3,0.0,0.0005596280097961426,0.0028564929962158203
20,vision,2,5,8,3,0.0,0.0001353621482849121,0.0023235082626342773
20,vision,2,6,9,3,0.0,-0.00017917156219482422,0.0018335580825805664
20,vision,2,7,10,3,0.0,-0.00042194128036499023,0.0007948875427246094
20,vision,2,8,11,3,0.0,-0.0004050731658935547,0.0011496543884277344
20,vision,2,9,12,3,0.0,0.0003319382667541504,0.00563359260559082
20,vision,2,10,13,3,0.0,0.00027805566787719727,0.005241513252258301
20,vision,2,11,14,3,0.0,0.0008862614631652832,0.007519721984863281
20,vision,2,12,15,3,0.0,0.0009254217147827148,0.007488608360290527
20,vision,2,13,16,3,0.0,0.001162707805633545,0.00822901725769043
20,vision,2,14,17,3,0.0,-0.0005244612693786621,0.0011652708053588867
20,vision,2,15,18,3,0.0,-0.001150667667388916,-0.0008171796798706055
20,vision,2,16,19,3,0.0,-0.0017904043197631836,-0.0026150941848754883
20,vision,2,17,20,3,0.0,-0.0001315474510192871,0.00039005279541015625
20,vision,2,18,21,3,0.0,0.0009826421737670898,0.0029143095016479492
20,vision,2,19,22,3,0.0,0.002446293830871582,0.007991909980773926
20,vision,2,20,23,3,0.0,0.0028834939002990723,0.011353373527526855
20,vision,2,21,24,3,0.0,0.002540111541748047,0.00956881046295166
20,vision,2,22,25,3,0.0,0.006931900978088379,0.01713383197784424
20,vision,2,23,26,3,0.0,0.008194327354431152,0.019899964332580566
20,vision,2,24,27,3,0.0,0.006182193756103516,0.012469172477722168
20,vision,2,25,28,3,0.0,0.0031949877738952637,0.0038503408432006836
20,vision,2,26,29,3,0.0,0.00024569034576416016,-0.0030535459518432617
20,vision,2,27,30,3,0.0,-0.0004137754440307617,-0.006324410438537598
20,vision,2,28,31,3,0.0,-0.0015854835510253906,-0.01094067096710205
20,vision,2,29,32,3,0.0,-0.00018459558486938477,-0.0030279159545898438
20,vision,2,30,33,3,0.0,-0.0008403658866882324,-0.0066683292388916016
20,vision,2,31,34,3,0.0,-0.001160740852355957,-0.007020711898803711
20,vision,2,32,35,3,0.0,-0.0010629892349243164,-0.006516575813293457
20,vision,2,33,36,3,0.0,-0.001240372657775879,-0.0074732303619384766
20,vision,2,34,37,3,0.0,-0.0012793540954589844,-0.007650136947631836
20,vision,2,35,38,3,0.0,-0.0011057257652282715,-0.006884217262268066
20,vision,2,36,39,3,0.0,-0.0013426542282104492,-0.007681012153625488
20,vision,2,37,40,3,0.0,-0.0014238953590393066,-0.008240580558776855
20,vision,2,38,41,3,0.0,-0.0012538433074951172,-0.0072356462478637695
20,vision,2,39,42,3,0.0,-0.0009158849716186523,-0.005661129951477051
20,vision,2,40,43,3,0.0,-0.00045877695083618164,-0.004589676856994629
20,vision,2,41,44,3,0.0,0.0001170039176940918,-0.0016884803771972656
